"User","Action","NodeName","NodeID","Parent","EditField","EditWhen","BeforeEdit","AfterEdit","Restore","Flag","ID"
"puket","New","BWBSdk 1 /09",1548179006,"BWBSwk 1 /06","New",1/22/2019 9:43:26,"Null","BWBSdk 1 /09",0,0,
"puket","Drag","BWBSdk 1 /09",1548179006,,"Drag",1/22/2019 9:43:37,,"~FaciesD",0,0,
"puket","New","BWBSmw 2 /05-Acho",696638695,"BWBSdk 1 /09","New",1/22/2019 9:45:02,"Null","BWBSmw 2 /05-Acho",0,0,
"puket","Drag","BWBSmw 2 /05-Acho",696638695,,"Drag",1/22/2019 9:45:09,,"~FaciesD",0,0,
"puket","Change","~FaciesD",-1755681768,"SubAssocD","Level",1/22/2019 9:45:24,"10","10",0,0,
"puket","Change","BWBSmw 2 /05-Acho",696638695,"~FaciesD","Level",1/22/2019 9:45:26,"10","11",0,0,
"puket","Change","BWBSdk 1 /09",1548179006,"~FaciesD","Level",1/22/2019 9:45:26,"10","11",0,0,
"puket","Add","~ClassLess",1451935446,,"From Add/remove form",12/27/2019 10:19:53,,"~ClassLess",0,0,
"puket","New","DeleteMe",1577715497,"Conifer Forests","New",12/30/2019 6:18:17,"Null","DeleteMe",0,0,
"puket","Delete","DeleteMe",1577715497,"Conifer Forests","Delete",12/30/2019 6:22:14,"DeleteMe","Null",0,0,
"puket","New","DeleteMe",1198659638,"Conifer Forests","New",12/30/2019 6:24:16,"Null","DeleteMe",0,0,
"puket","Delete","DeleteMe",1198659638,"Conifer Forests","Delete",12/30/2019 6:25:56,"DeleteMe","Null",0,0,
"puket","New","DeleteMe",-1873885825,"Conifer Forests","New",12/30/2019 6:26:19,"Null","DeleteMe",0,0,
"puket","Delete","DeleteMe",-1873885825,"Conifer Forests","Delete",12/30/2019 6:26:58,"DeleteMe","Null",0,0,
"puket","New","DeleteMe",1184777157,"Conifer Forests","New",12/30/2019 6:49:06,"Null","DeleteMe",0,0,
"puket","Change","DeleteMe",1184777157,"Conifer Forests","Level",12/30/2019 6:49:32,"10","1",0,0,
"puket","Delete","DeleteMe",1184777157,"Conifer Forests","Delete",12/30/2019 6:49:59,"DeleteMe","Null",0,0,
"puket","Change","~Facies B",1745389211,"1569085257","Name",4/24/2020 8:03:14,"~FaciesB","~Facies B",0,0,
"puket","Change","~Facies - B",1745389211,"1569085257","Name",4/24/2020 8:03:39,"~Facies B","~Facies - B",0,0,
"puket","Change","~Facies - B1",1745389211,"1569085257","Name",5/3/2020 8:53:32,"~Facies - B","~Facies - B1",0,0,
"puket","Change","~Facies - B",1745389211,"1569085257","Name",5/3/2020 8:53:57,"~Facies - B1","~Facies - B",0,0,
"puket","Change","~Facies - B1",1745389211,"1569085257","Name",5/3/2020 8:59:28,"~Facies - B","~Facies - B1",0,0,
"puket","Change","~Facies - B",1745389211,"1569085257","Name",5/3/2020 9:03:52,"~Facies - B1","~Facies - B",0,0,
"puket","Change","~Facies - B1",1745389211,"1569085257","Name",5/3/2020 9:04:30,"~Facies - B","~Facies - B1",0,0,
"puket","Change","~Facies - B",1745389211,"1569085257","Name",5/3/2020 9:04:46,"~Facies - B1","~Facies - B",0,0,
"puket","Change","~Facies - B1",1745389211,"1569085257","Name",5/3/2020 9:07:05,"~Facies - B","~Facies - B1",0,0,
"puket","Change","~Facies - B",1745389211,"1569085257","Name",5/3/2020 9:07:18,"~Facies - B1","~Facies - B",0,0,
"puket","Change","~Facies - B1",1745389211,"1569085257","Name",5/3/2020 9:14:23,"~Facies - B","~Facies - B1",0,0,
"puket","Change","~Facies - B",1745389211,"1569085257","Name",5/3/2020 9:14:33,"~Facies - B1","~Facies - B",0,0,
"puket","New","BWBSdk 1 /08",-1163576583,"Root","New",5/9/2020 8:51:39,"Null","BWBSdk 1 /08",0,0,
"puket","New","BWBSdk 1 /09",-481881146,"Root","New",5/9/2020 8:51:43,"Null","BWBSdk 1 /09",0,0,
"puket","New","BWBSdk 2 /06",1656905167,,"New",5/9/2020 8:51:47,"Null","BWBSdk 2 /06",0,0,
"puket","Drag","BWBSdk 2 /06",1656905167,,"Drag",5/9/2020 8:51:50,,"Root",0,0,
"puket","Change","Assoc1",1,,"Name",5/9/2020 8:53:25,"Root","Assoc1",0,0,
"puket","New","Assoc2",380808071,"Assoc1","New",5/9/2020 8:53:43,"Null","Assoc2",0,0,
"puket","Change","Assoc2",380808071,"Assoc1","Level",5/9/2020 8:54:22,"10","1",0,0,
"puket","Drag","Assoc2",380808071,,"Drag",5/9/2020 8:54:33,"Assoc1",,0,0,
"puket","Drag","BWBSdk 1 /09",-481881146,,"Drag",5/9/2020 8:54:50,,"Assoc2",0,0,
"puket","Delete","BWBSdk 2 /06",1656905167,"~Assoc1","Delete",5/9/2020 8:55:04,"BWBSdk 2 /06","Null",0,0,
"puket","Change","Assoc2",380808071,,"Level",5/9/2020 8:55:21,"1","1",0,0,
"puket","Change","BWBSdk 1 /09",-481881146,"Assoc2","Level",5/9/2020 8:55:23,"10","11",0,0,
"puket","Change","~Assoc1",1,,"Level",5/9/2020 8:55:30,"1","1",0,0,
"puket","Change","BWBSdk 1 /08",-1163576583,"~Assoc1","Level",5/9/2020 8:55:32,"10","11",0,0,
"puket","New","BWBSdk 2 /06",1853969017,"BWBSdk 1 /09","New",5/9/2020 8:56:39,"Null","BWBSdk 2 /06",0,0,
"puket","Change","BWBSdk 2 /06",1853969017,"BWBSdk 1 /09","Level",5/9/2020 8:56:50,"10","11",0,0,
"puket","Drag","BWBSdk 2 /06",1853969017,,"Drag",5/9/2020 8:56:57,,"~Assoc2",0,0,
"puket","Drag","BWBSdk 1 /09",1548179006,,"Drag",7/19/2021 8:11:47,,"SubAssocDelete",0,0,
"Russell Klassen","Drag","SBS dk   /Fh1",-2080764215,,"Drag",7/19/2021 8:17:57,,"FaciesD",0,0,
"Russell Klassen","Drag","SBS dk   /Fh1",-2080764215,,"Drag",7/20/2021 9:37:41,,"SubAssocDelete",0,0,
"puket","Drag","SBS dk   /Fh1",-2080764215,,"Drag",8/24/2021 8:46:23,,"FaciesD",0,0,
"puket","Drag","SBS dk   /Fh1",-2080764215,,"Drag",2/15/2022 11:39:06,,"SubAssocDelete",0,0,
"puket","Drag","BWBSdk 1 /09",1548179006,,"Drag",2/15/2022 11:39:12,,"FaciesD",0,0,
"whmacken","Change","order-1",2,,"Level",12/23/2022 8:04:57,"3","3",0,0,
"whmacken","Change","suborder-1",3,"order-1","Level",12/23/2022 8:04:59,"3","4",0,0,
"whmacken","Change","alliance-1",4,"suborder-1","Level",12/23/2022 8:04:59,"4","5",0,0,
"whmacken","Change","assoc-1",5,"alliance-1","Level",12/23/2022 8:04:59,"5","6",0,0,
"whmacken","Change","assoc-4",8,"alliance-1","Level",12/23/2022 8:04:59,"5","6",0,0,
"whmacken","Change","alliance-2",10,"suborder-1","Level",12/23/2022 8:04:59,"4","5",0,0,
"whmacken","Change","assoc-2",11,"alliance-2","Level",12/23/2022 8:04:59,"5","6",0,0,
"whmacken","Change","assoc-118",13,"alliance-2","Level",12/23/2022 8:04:59,"5","6",0,0,
"whmacken","Change","suborder-3",15,"order-1","Level",12/23/2022 8:04:59,"3","4",0,0,
"whmacken","Change","alliance-4",16,"suborder-3","Level",12/23/2022 8:04:59,"4","5",0,0,
"whmacken","Change","assoc-6",17,"alliance-4","Level",12/23/2022 8:04:59,"5","6",0,0,
"whmacken","Change","suborder-4",20,"order-1","Level",12/23/2022 8:04:59,"3","4",0,0,
"whmacken","Change","alliance-5",21,"suborder-4","Level",12/23/2022 8:04:59,"4","5",0,0,
"whmacken","Change","assoc-7",22,"alliance-5","Level",12/23/2022 8:04:59,"5","6",0,0,
"whmacken","Change","assoc-15",24,"alliance-5","Level",12/23/2022 8:04:59,"5","6",0,0,
"whmacken","Change","assoc-117",30,"alliance-5","Level",12/23/2022 8:04:59,"5","6",0,0,
"whmacken","Change","alliance-12",34,"suborder-4","Level",12/23/2022 8:04:59,"4","5",0,0,
"whmacken","Change","assoc-14",35,"alliance-12","Level",12/23/2022 8:04:59,"5","6",0,0,
"whmacken","Change","assoc-131",37,"alliance-12","Level",12/23/2022 8:04:59,"5","6",0,0,
"whmacken","Change","alliance-19",39,"suborder-4","Level",12/23/2022 8:04:59,"4","5",0,0,
"whmacken","Change","assoc-24",40,"alliance-19","Level",12/23/2022 8:04:59,"5","6",0,0,
"whmacken","Change","alliance-26",43,"suborder-4","Level",12/23/2022 8:04:59,"4","5",0,0,
"whmacken","Change","assoc-33",44,"alliance-26","Level",12/23/2022 8:04:59,"5","6",0,0,
"whmacken","Change","assoc-82",47,"alliance-26","Level",12/23/2022 8:04:59,"5","6",0,0,
"whmacken","Change","suborder-14",49,"order-1","Level",12/23/2022 8:04:59,"3","4",0,0,
"whmacken","Change","alliance-16",50,"suborder-14","Level",12/23/2022 8:04:59,"4","5",0,0,
"whmacken","Change","assoc-20",51,"alliance-16","Level",12/23/2022 8:04:59,"5","6",0,0,
"whmacken","Change","assoc-23",53,"alliance-16","Level",12/23/2022 8:04:59,"5","6",0,0,
"whmacken","Change","assoc-39",56,"alliance-16","Level",12/23/2022 8:04:59,"5","6",0,0,
"whmacken","Change","alliance-23",58,"suborder-14","Level",12/23/2022 8:04:59,"4","5",0,0,
"whmacken","Change","assoc-30",59,"alliance-23","Level",12/23/2022 8:04:59,"5","6",0,0,
"whmacken","Change","assoc-121",61,"alliance-23","Level",12/23/2022 8:04:59,"5","6",0,0,
"whmacken","Change","assoc-119",64,"alliance-23","Level",12/23/2022 8:04:59,"5","6",0,0,
"whmacken","Change","assoc-130",69,"alliance-23","Level",12/23/2022 8:04:59,"5","6",0,0,
"whmacken","Change","assoc-133",71,"alliance-23","Level",12/23/2022 8:04:59,"5","6",0,0,
"whmacken","Drag","CWH vm 2 /110 ",565,,"Drag",12/23/2022 13:10:26,"~unplaced",,0,0,
"whmacken","Drag","CWH vm 2 /110 ",565,,"Drag",12/23/2022 13:23:39,,"unplaced",0,0,
"whmacken","Change","order-7HM",451,"2","Name",12/24/2022 7:41:29,"order-7","order-7HM",0,0,
"whmacken","Change","~order-6FdcHwCw",427,"2","Name",12/24/2022 7:41:40,"~order-6","~order-6FdcHwCw",0,0,
"whmacken","Change","order-5HwCw",181,"2","Name",12/24/2022 7:44:13,"order-5","order-5HwCw",0,0,
"whmacken","Change","~order-4Plc",159,"2","Name",12/24/2022 7:45:07,"~order-4","~order-4Plc",0,0,
"whmacken","Change","~order-3Dr-Rubuspe",81,"2","Name",12/24/2022 7:47:08,"~order-3","~order-3Dr-Rubuspe",0,0,
"whmacken","Change","~order-2Qg",74,"2","Name",12/24/2022 7:47:41,"~order-2","~order-2Qg",0,0,
"whmacken","Change","~order-1FdcHwCw",3,"2","Name",12/24/2022 7:50:39,"~order-1","~order-1FdcHwCw",0,0,
"whmacken","Drag","CWH xm 1 /101",32,,"Drag",12/25/2022 9:00:50,,"~assoc-27",0,0,
"whmacken","Drag","CWH ds 1 /101b.2",26,,"Drag",12/25/2022 9:00:59,,"~assoc-27",0,0,
"whmacken","Drag","CWH ds 1 /101b.2",26,,"Drag",12/25/2022 9:01:05,,"~assoc-15",0,0,
"whmacken","Drag","CDF mm   /111",24,,"Drag",12/25/2022 9:01:10,,"~assoc-27",0,0,
"whmacken","Drag","CWH xm 3 /103",34,,"Drag",12/25/2022 9:01:19,,"~assoc-27",0,0,
"whmacken","Drag","CWH xm 1 /103",33,,"Drag",12/25/2022 9:01:27,,"~assoc-27",0,0,
"whmacken","Drag","CWH xm 2 /103",29,,"Drag",12/25/2022 9:01:47,,"~assoc-27",0,0,
"whmacken","Drag","CWH vm 1 /104",28,,"Drag",12/25/2022 9:02:11,,"~assoc-27",0,0,
"whmacken","Drag","CWH xm 2 /111",30,,"Drag",12/25/2022 9:02:18,,"~assoc-27",0,0,
"whmacken","Drag","CWH mm 1 /104",277,,"Drag",12/25/2022 9:04:51,,"assoc-15",0,0,
"whmacken","Drag","CWH mm 1 /103",27,,"Drag",12/25/2022 10:52:57,,"~assoc-27",0,0,
"whmacken","Drag","CWH mm 2 /103",46,,"Drag",12/25/2022 10:53:09,,"~assoc-27",0,0,
"whmacken","Drag","CWH vm 2 /105",47,,"Drag",12/25/2022 10:53:15,,"~assoc-27",0,0,
"whmacken","Drag","CWH vm 2 /105",47,,"Drag",12/25/2022 10:57:49,"~assoc-27",,0,0,
"whmacken","Drag","CWH mm 2 /103",46,,"Drag",12/25/2022 10:57:50,"~assoc-27",,0,0,
"whmacken","Drag","CWH mm 1 /103",27,,"Drag",12/25/2022 10:57:51,"~assoc-27",,0,0,
"whmacken","Change","CWH ds 1 /112",185,"184","Name",12/25/2022 13:46:21,"CWH ds 1 /112 Fh","CWH ds 1 /112",0,0,
"whmacken","Drag","CWH vm 3 /112.1",262,,"Drag",12/25/2022 16:24:02,,"CWH vh 2 /112",0,0,
"whmacken","Drag","CWH vm 3 /112.1",262,,"Drag",12/25/2022 16:24:04,,"assoc-65",0,0,
"whmacken","Drag","CWH vm 1 /114",257,,"Drag",12/25/2022 16:24:10,,"assoc-66",0,0,
"whmacken","Drag","CWH vm 1 /112.1",261,,"Drag",12/25/2022 16:24:44,,"assoc-65",0,0,
"whmacken","Drag","CWH vh 2 /112",259,,"Drag",12/25/2022 16:24:48,,"assoc-57",0,0,
"whmacken","Drag","CWH vm 3 /112.1",262,,"Drag",12/25/2022 16:26:20,,"assoc-57",0,0,
"whmacken","Drag","CWH vh 1 /111",256,,"Drag",12/25/2022 16:26:22,,"assoc-65",0,0,
"whmacken","Drag","CWH vm 1 /114",257,,"Drag",12/25/2022 16:26:33,,"assoc-57",0,0,
"whmacken","Drag","CWH vm 1 /112.1",261,,"Drag",12/25/2022 16:26:50,,"assoc-57",0,0,
"whmacken","Drag","assoc-22",49,,"Drag",12/26/2022 17:52:22,,"assoc-27",0,0,
"whmacken","Drag","assoc-22",49,,"Drag",12/26/2022 17:54:27,,"alliance-4",0,0,
"whmacken","Drag","CWH mm 1 /104",55,,"Drag",12/26/2022 17:56:04,,"assoc-22",0,0,
"whmacken","Drag","assoc-27",54,,"Drag",12/26/2022 18:20:01,,"~assoc-8",0,0,
"whmacken","Change","placed",2,,"Level",12/27/2022 11:12:36,"2","1",0,0,
"whmacken","New","CLASS Qg",0,"placed","New",12/27/2022 11:12:59,"Null","CLASS Qg",0,0,
"whmacken","Drag","order-2",109,,"Drag",12/27/2022 11:13:20,,"CLASS Qg",0,0,
"whmacken","Change","CLASS Qg",0,"placed","Level",12/27/2022 11:13:35,"10","2",0,0,
"whmacken","New","CLASS HwCw",638,"placed","New",12/27/2022 11:20:39,"Null","CLASS HwCw",0,0,
"whmacken","Change","CLASS HwCw",638,"placed","Level",12/27/2022 11:20:57,"10","2",0,0,
"whmacken","New","CLASS Hm",639,"placed","New",12/27/2022 11:22:13,"Null","CLASS Hm",0,0,
"whmacken","Drag","alliance-66",614,,"Drag",12/27/2022 11:22:41,,"CLASS Hm",0,0,
"whmacken","Drag","alliance-65",601,,"Drag",12/27/2022 11:22:53,,"CLASS Hm",0,0,
"whmacken","Drag","CDF mm   /103",114,,"Drag",12/27/2022 11:24:08,,"CLASS Qg",0,0,
"whmacken","Drag","CDF mm   /106",117,,"Drag",12/27/2022 11:24:10,,"CLASS Qg",0,0,
"whmacken","Delete","order-2",109,"CLASS Qg","Delete",12/27/2022 11:24:18,"order-2","Null",0,0,
"whmacken","Delete","suborder-2",110,"!*order-2","Delete",12/27/2022 11:24:18,"suborder-2","Null",0,0,
"whmacken","Delete","alliance-3",111,"!*suborder-2","Delete",12/27/2022 11:24:18,"alliance-3","Null",0,0,
"whmacken","Delete","assoc-70",112,"!*alliance-3","Delete",12/27/2022 11:24:18,"assoc-70","Null",0,0,
"whmacken","Delete","working-3",113,"!*assoc-70","Delete",12/27/2022 11:24:18,"working-3","Null",0,0,
"whmacken","Delete","assoc-99",115,"!*alliance-3","Delete",12/27/2022 11:24:18,"assoc-99","Null",0,0,
"whmacken","Delete","working-6",116,"!*assoc-99","Delete",12/27/2022 11:24:18,"working-6","Null",0,0,
"whmacken","Delete","order-1",3,"placed","Delete",12/27/2022 11:24:33,"order-1","Null",0,0,
"whmacken","Delete","suborder-1",4,"!*order-1","Delete",12/27/2022 11:24:33,"suborder-1","Null",0,0,
"whmacken","Delete","alliance-1",5,"!*suborder-1","Delete",12/27/2022 11:24:33,"alliance-1","Null",0,0,
"whmacken","Delete","assoc-1",6,"!*alliance-1","Delete",12/27/2022 11:24:33,"assoc-1","Null",0,0,
"whmacken","Delete","working-1",7,"!*assoc-1","Delete",12/27/2022 11:24:33,"working-1","Null",0,0,
"whmacken","Delete","CDF mm   /101",8,"!*working-1","Delete",12/27/2022 11:24:34,"CDF mm   /101","Null",0,0,
"whmacken","Delete","CWH xm 1 /103",9,"!*working-1","Delete",12/27/2022 11:24:34,"CWH xm 1 /103","Null",0,0,
"whmacken","Delete","assoc-80",10,"!*alliance-1","Delete",12/27/2022 11:24:34,"assoc-80","Null",0,0,
"whmacken","Delete","working-4",11,"!*assoc-80","Delete",12/27/2022 11:24:34,"working-4","Null",0,0,
"whmacken","Delete","CDF mm   /104",12,"!*working-4","Delete",12/27/2022 11:24:34,"CDF mm   /104","Null",0,0,
"whmacken","Delete","alliance-2",13,"!*suborder-1","Delete",12/27/2022 11:24:34,"alliance-2","Null",0,0,
"whmacken","Delete","assoc-60",14,"!*alliance-2","Delete",12/27/2022 11:24:34,"assoc-60","Null",0,0,
"whmacken","Delete","working-2",15,"!*assoc-60","Delete",12/27/2022 11:24:34,"working-2","Null",0,0,
"whmacken","Delete","CDF mm   /102",16,"!*working-2","Delete",12/27/2022 11:24:34,"CDF mm   /102","Null",0,0,
"whmacken","Delete","assoc-89",17,"!*alliance-2","Delete",12/27/2022 11:24:34,"assoc-89","Null",0,0,
"whmacken","Delete","working-5",18,"!*assoc-89","Delete",12/27/2022 11:24:34,"working-5","Null",0,0,
"whmacken","Delete","CDF mm   /105",19,"!*working-5","Delete",12/27/2022 11:24:34,"CDF mm   /105","Null",0,0,
"whmacken","Delete","alliance-25",20,"!*suborder-1","Delete",12/27/2022 11:24:34,"alliance-25","Null",0,0,
"whmacken","Delete","assoc-76",21,"!*alliance-25","Delete",12/27/2022 11:24:34,"assoc-76","Null",0,0,
"whmacken","Delete","working-35",22,"!*assoc-76","Delete",12/27/2022 11:24:34,"working-35","Null",0,0,
"whmacken","Delete","CWH ms 1 /102",23,"!*working-35","Delete",12/27/2022 11:24:34,"CWH ms 1 /102","Null",0,0,
"whmacken","Delete","assoc-15",24,"!*alliance-25","Delete",12/27/2022 11:24:34,"assoc-15","Null",0,0,
"whmacken","Delete","working-111",25,"!*assoc-15","Delete",12/27/2022 11:24:34,"working-111","Null",0,0,
"whmacken","Delete","CWH xm 1 /102",26,"!*working-111","Delete",12/27/2022 11:24:34,"CWH xm 1 /102","Null",0,0,
"whmacken","Delete","suborder-4",27,"!*order-1","Delete",12/27/2022 11:24:34,"suborder-4","Null",0,0,
"whmacken","Delete","alliance-5",28,"!*suborder-4","Delete",12/27/2022 11:24:34,"alliance-5","Null",0,0,
"whmacken","Delete","assoc-68",29,"!*alliance-5","Delete",12/27/2022 11:24:34,"assoc-68","Null",0,0,
"whmacken","Delete","working-8",30,"!*assoc-68","Delete",12/27/2022 11:24:34,"working-8","Null",0,0,
"whmacken","Delete","CDF mm   /111",31,"!*working-8","Delete",12/27/2022 11:24:34,"CDF mm   /111","Null",0,0,
"whmacken","Delete","CWH ds 1 /101.2",32,"!*working-8","Delete",12/27/2022 11:24:34,"CWH ds 1 /101.2","Null",0,0,
"whmacken","Delete","CWH xm 1 /101",33,"!*working-8","Delete",12/27/2022 11:24:34,"CWH xm 1 /101","Null",0,0,
"whmacken","Delete","CWH xm 2 /103",34,"!*working-8","Delete",12/27/2022 11:24:34,"CWH xm 2 /103","Null",0,0,
"whmacken","Delete","CWH xm 3 /103",35,"!*working-8","Delete",12/27/2022 11:24:34,"CWH xm 3 /103","Null",0,0,
"whmacken","Delete","working-27",36,"!*assoc-68","Delete",12/27/2022 11:24:34,"working-27","Null",0,0,
"whmacken","Delete","CWH mm 1 /103",37,"!*working-27","Delete",12/27/2022 11:24:34,"CWH mm 1 /103","Null",0,0,
"whmacken","Delete","CWH mm 2 /103",38,"!*working-27","Delete",12/27/2022 11:24:34,"CWH mm 2 /103","Null",0,0,
"whmacken","Delete","CWH vm 1 /104",39,"!*working-27","Delete",12/27/2022 11:24:34,"CWH vm 1 /104","Null",0,0,
"whmacken","Delete","assoc-112",40,"!*alliance-5","Delete",12/27/2022 11:24:34,"assoc-112","Null",0,0,
"whmacken","Delete","working-80",41,"!*assoc-112","Delete",12/27/2022 11:24:34,"working-80","Null",0,0,
"whmacken","Delete","CWH vm 2 /102",42,"!*working-80","Delete",12/27/2022 11:24:34,"CWH vm 2 /102","Null",0,0,
"whmacken","Delete","alliance-13",43,"!*suborder-4","Delete",12/27/2022 11:24:34,"alliance-13","Null",0,0,
"whmacken","Delete","assoc-25",44,"!*alliance-13","Delete",12/27/2022 11:24:34,"assoc-25","Null",0,0,
"whmacken","Delete","working-16",45,"!*assoc-25","Delete",12/27/2022 11:24:34,"working-16","Null",0,0,
"whmacken","Delete","CWH ds 1 /102.2",46,"!*working-16","Delete",12/27/2022 11:24:34,"CWH ds 1 /102.2","Null",0,0,
"whmacken","Delete","CWH vm 1 /102",47,"!*working-16","Delete",12/27/2022 11:24:34,"CWH vm 1 /102","Null",0,0,
"whmacken","Delete","working-121",48,"!*assoc-25","Delete",12/27/2022 11:24:34,"working-121","Null",0,0,
"whmacken","Delete","CWH xm 2 /102.2",49,"!*working-121","Delete",12/27/2022 11:24:34,"CWH xm 2 /102.2","Null",0,0,
"whmacken","Delete","suborder-10",50,"!*order-1","Delete",12/27/2022 11:24:34,"suborder-10","Null",0,0,
"whmacken","Delete","alliance-11",51,"!*suborder-10","Delete",12/27/2022 11:24:34,"alliance-11","Null",0,0,
"whmacken","Delete","assoc-44",52,"!*alliance-11","Delete",12/27/2022 11:24:34,"assoc-44","Null",0,0,
"whmacken","Delete","working-14",53,"!*assoc-44","Delete",12/27/2022 11:24:34,"working-14","Null",0,0,
"whmacken","Delete","CWH ds 1 /101.1",54,"!*working-14","Delete",12/27/2022 11:24:34,"CWH ds 1 /101.1","Null",0,0,
"whmacken","Delete","assoc-82",55,"!*alliance-11","Delete",12/27/2022 11:24:34,"assoc-82","Null",0,0,
"whmacken","Delete","working-43",56,"!*assoc-82","Delete",12/27/2022 11:24:35,"working-43","Null",0,0,
"whmacken","Delete","CWH ms 2 /103",57,"!*working-43","Delete",12/27/2022 11:24:35,"CWH ms 2 /103","Null",0,0,
"whmacken","Delete","assoc-85",58,"!*alliance-11","Delete",12/27/2022 11:24:35,"assoc-85","Null",0,0,
"whmacken","Delete","working-46",59,"!*assoc-85","Delete",12/27/2022 11:24:35,"working-46","Null",0,0,
"whmacken","Delete","CWH ms 3 /101",60,"!*working-46","Delete",12/27/2022 11:24:35,"CWH ms 3 /101","Null",0,0,
"whmacken","Delete","assoc-86",61,"!*alliance-11","Delete",12/27/2022 11:24:35,"assoc-86","Null",0,0,
"whmacken","Delete","working-47",62,"!*assoc-86","Delete",12/27/2022 11:24:35,"working-47","Null",0,0,
"whmacken","Delete","CWH ms 3 /103",63,"!*working-47","Delete",12/27/2022 11:24:35,"CWH ms 3 /103","Null",0,0,
"whmacken","Delete","alliance-18",64,"!*suborder-10","Delete",12/27/2022 11:24:35,"alliance-18","Null",0,0,
"whmacken","Delete","assoc-63",65,"!*alliance-18","Delete",12/27/2022 11:24:35,"assoc-63","Null",0,0,
"whmacken","Delete","working-22",66,"!*assoc-63","Delete",12/27/2022 11:24:35,"working-22","Null",0,0,
"whmacken","Delete","CWH ds 2 /101",67,"!*working-22","Delete",12/27/2022 11:24:35,"CWH ds 2 /101","Null",0,0,
"whmacken","Delete","CWH ms 1 /103",68,"!*working-22","Delete",12/27/2022 11:24:35,"CWH ms 1 /103","Null",0,0,
"whmacken","Delete","working-28",69,"!*assoc-63","Delete",12/27/2022 11:24:35,"working-28","Null",0,0,
"whmacken","Delete","CWH mm 1 /104",70,"!*working-28","Delete",12/27/2022 11:24:35,"CWH mm 1 /104","Null",0,0,
"whmacken","Delete","CWH vm 2 /105",71,"!*working-28","Delete",12/27/2022 11:24:35,"CWH vm 2 /105","Null",0,0,
"whmacken","Delete","CWH xm 2 /101",72,"!*working-28","Delete",12/27/2022 11:24:35,"CWH xm 2 /101","Null",0,0,
"whmacken","Delete","CWH xm 3 /101",73,"!*working-28","Delete",12/27/2022 11:24:35,"CWH xm 3 /101","Null",0,0,
"whmacken","Delete","alliance-19",74,"!*suborder-10","Delete",12/27/2022 11:24:35,"alliance-19","Null",0,0,
"whmacken","Delete","assoc-64",75,"!*alliance-19","Delete",12/27/2022 11:24:35,"assoc-64","Null",0,0,
"whmacken","Delete","working-23",76,"!*assoc-64","Delete",12/27/2022 11:24:35,"working-23","Null",0,0,
"whmacken","Delete","CWH ds 2 /103",77,"!*working-23","Delete",12/27/2022 11:24:35,"CWH ds 2 /103","Null",0,0,
"whmacken","Delete","assoc-83",78,"!*alliance-19","Delete",12/27/2022 11:24:35,"assoc-83","Null",0,0,
"whmacken","Delete","working-44",79,"!*assoc-83","Delete",12/27/2022 11:24:35,"working-44","Null",0,0,
"whmacken","Delete","CWH ms 2 /103.1",80,"!*working-44","Delete",12/27/2022 11:24:35,"CWH ms 2 /103.1","Null",0,0,
"whmacken","Delete","alliance-21",81,"!*suborder-10","Delete",12/27/2022 11:24:35,"alliance-21","Null",0,0,
"whmacken","Delete","assoc-69",82,"!*alliance-21","Delete",12/27/2022 11:24:35,"assoc-69","Null",0,0,
"whmacken","Delete","working-29",83,"!*assoc-69","Delete",12/27/2022 11:24:35,"working-29","Null",0,0,
"whmacken","Delete","CWH mm 1 /110",84,"!*working-29","Delete",12/27/2022 11:24:35,"CWH mm 1 /110","Null",0,0,
"whmacken","Delete","assoc-74",85,"!*alliance-21","Delete",12/27/2022 11:24:35,"assoc-74","Null",0,0,
"whmacken","Delete","working-33",86,"!*assoc-74","Delete",12/27/2022 11:24:35,"working-33","Null",0,0,
"whmacken","Delete","CWH mm 2 /110",87,"!*working-33","Delete",12/27/2022 11:24:35,"CWH mm 2 /110","Null",0,0,
"whmacken","Delete","alliance-23",88,"!*suborder-10","Delete",12/27/2022 11:24:35,"alliance-23","Null",0,0,
"whmacken","Delete","assoc-72",89,"!*alliance-23","Delete",12/27/2022 11:24:35,"assoc-72","Null",0,0,
"whmacken","Delete","working-31",90,"!*assoc-72","Delete",12/27/2022 11:24:35,"working-31","Null",0,0,
"whmacken","Delete","CWH mm 1 /113",91,"!*working-31","Delete",12/27/2022 11:24:35,"CWH mm 1 /113","Null",0,0,
"whmacken","Delete","assoc-16",92,"!*alliance-23","Delete",12/27/2022 11:24:35,"assoc-16","Null",0,0,
"whmacken","Delete","working-114",93,"!*assoc-16","Delete",12/27/2022 11:24:35,"working-114","Null",0,0,
"whmacken","Delete","CWH xm 1 /112",94,"!*working-114","Delete",12/27/2022 11:24:35,"CWH xm 1 /112","Null",0,0,
"whmacken","Delete","CWH xm 2 /110",95,"!*working-114","Delete",12/27/2022 11:24:35,"CWH xm 2 /110","Null",0,0,
"whmacken","Delete","CWH xm 2 /112.1",96,"!*working-114","Delete",12/27/2022 11:24:35,"CWH xm 2 /112.1","Null",0,0,
"whmacken","Delete","alliance-26",97,"!*suborder-10","Delete",12/27/2022 11:24:35,"alliance-26","Null",0,0,
"whmacken","Delete","assoc-77",98,"!*alliance-26","Delete",12/27/2022 11:24:35,"assoc-77","Null",0,0,
"whmacken","Delete","working-36",99,"!*assoc-77","Delete",12/27/2022 11:24:35,"working-36","Null",0,0,
"whmacken","Delete","CWH ms 1 /104",100,"!*working-36","Delete",12/27/2022 11:24:35,"CWH ms 1 /104","Null",0,0,
"whmacken","Delete","CWH ms 4 /103",101,"!*working-36","Delete",12/27/2022 11:24:35,"CWH ms 4 /103","Null",0,0,
"whmacken","Delete","assoc-81",102,"!*alliance-26","Delete",12/27/2022 11:24:35,"assoc-81","Null",0,0,
"whmacken","Delete","working-42",103,"!*assoc-81","Delete",12/27/2022 11:24:35,"working-42","Null",0,0,
"whmacken","Delete","CWH ms 2 /101.1",104,"!*working-42","Delete",12/27/2022 11:24:36,"CWH ms 2 /101.1","Null",0,0,
"whmacken","Delete","alliance-31",105,"!*suborder-10","Delete",12/27/2022 11:24:36,"alliance-31","Null",0,0,
"whmacken","Delete","assoc-87",106,"!*alliance-31","Delete",12/27/2022 11:24:36,"assoc-87","Null",0,0,
"whmacken","Delete","working-48",107,"!*assoc-87","Delete",12/27/2022 11:24:36,"working-48","Null",0,0,
"whmacken","Delete","CWH ms 3 /103.1",108,"!*working-48","Delete",12/27/2022 11:24:36,"CWH ms 3 /103.1","Null",0,0,
"whmacken","Delete","order-3",118,"placed","Delete",12/27/2022 11:24:53,"order-3","Null",0,0,
"whmacken","Delete","suborder-3",119,"!*order-3","Delete",12/27/2022 11:24:53,"suborder-3","Null",0,0,
"whmacken","Delete","alliance-4",120,"!*suborder-3","Delete",12/27/2022 11:24:53,"alliance-4","Null",0,0,
"whmacken","Delete","assoc-107",121,"!*alliance-4","Delete",12/27/2022 11:24:53,"assoc-107","Null",0,0,
"whmacken","Delete","working-7",122,"!*assoc-107","Delete",12/27/2022 11:24:53,"working-7","Null",0,0,
"whmacken","Delete","CDF mm   /110",123,"!*working-7","Delete",12/27/2022 11:24:53,"CDF mm   /110","Null",0,0,
"whmacken","Delete","CDF mm   /112",124,"!*working-7","Delete",12/27/2022 11:24:54,"CDF mm   /112","Null",0,0,
"whmacken","Delete","alliance-15",125,"!*suborder-3","Delete",12/27/2022 11:24:54,"alliance-15","Null",0,0,
"whmacken","Delete","assoc-59",126,"!*alliance-15","Delete",12/27/2022 11:24:54,"assoc-59","Null",0,0,
"whmacken","Delete","working-19",127,"!*assoc-59","Delete",12/27/2022 11:24:54,"working-19","Null",0,0,
"whmacken","Delete","CWH ds 1 /110",128,"!*working-19","Delete",12/27/2022 11:24:54,"CWH ds 1 /110","Null",0,0,
"whmacken","Delete","assoc-65",129,"!*alliance-15","Delete",12/27/2022 11:24:54,"assoc-65","Null",0,0,
"whmacken","Delete","working-24",130,"!*assoc-65","Delete",12/27/2022 11:24:54,"working-24","Null",0,0,
"whmacken","Delete","CWH ds 2 /110",131,"!*working-24","Delete",12/27/2022 11:24:54,"CWH ds 2 /110","Null",0,0,
"whmacken","Delete","assoc-78",132,"!*alliance-15","Delete",12/27/2022 11:24:54,"assoc-78","Null",0,0,
"whmacken","Delete","working-37",133,"!*assoc-78","Delete",12/27/2022 11:24:54,"working-37","Null",0,0,
"whmacken","Delete","CWH ms 1 /110",134,"!*working-37","Delete",12/27/2022 11:24:54,"CWH ms 1 /110","Null",0,0,
"whmacken","Delete","assoc-17",140,"!*alliance-15","Delete",12/27/2022 11:24:54,"assoc-17","Null",0,0,
"whmacken","Delete","working-113",141,"!*assoc-17","Delete",12/27/2022 11:24:54,"working-113","Null",0,0,
"whmacken","Delete","CWH xm 1 /111",142,"!*working-113","Delete",12/27/2022 11:24:54,"CWH xm 1 /111","Null",0,0,
"whmacken","Delete","working-122",143,"!*assoc-17","Delete",12/27/2022 11:24:54,"working-122","Null",0,0,
"whmacken","Delete","CWH xm 2 /111",144,"!*working-122","Delete",12/27/2022 11:24:54,"CWH xm 2 /111","Null",0,0,
"whmacken","Delete","CWH xm 3 /111",145,"!*working-122","Delete",12/27/2022 11:24:54,"CWH xm 3 /111","Null",0,0,
"whmacken","Delete","assoc-28",146,"!*alliance-15","Delete",12/27/2022 11:24:54,"assoc-28","Null",0,0,
"whmacken","Delete","working-125",147,"!*assoc-28","Delete",12/27/2022 11:24:54,"working-125","Null",0,0,
"whmacken","Delete","CWH xm 3 /104",148,"!*working-125","Delete",12/27/2022 11:24:54,"CWH xm 3 /104","Null",0,0,
"whmacken","Delete","assoc-29",149,"!*alliance-15","Delete",12/27/2022 11:24:54,"assoc-29","Null",0,0,
"whmacken","Delete","working-126",150,"!*assoc-29","Delete",12/27/2022 11:24:54,"working-126","Null",0,0,
"whmacken","Delete","CWH xm 3 /112",151,"!*working-126","Delete",12/27/2022 11:24:54,"CWH xm 3 /112","Null",0,0,
"whmacken","Delete","suborder-28",152,"!*order-3","Delete",12/27/2022 11:24:54,"suborder-28","Null",0,0,
"whmacken","Delete","alliance-63",153,"!*suborder-28","Delete",12/27/2022 11:24:54,"alliance-63","Null",0,0,
"whmacken","Delete","assoc-38",154,"!*alliance-63","Delete",12/27/2022 11:24:54,"assoc-38","Null",0,0,
"whmacken","Delete","working-134",155,"!*assoc-38","Delete",12/27/2022 11:24:54,"working-134","Null",0,0,
"whmacken","Delete","CWH xs   /111",156,"!*working-134","Delete",12/27/2022 11:24:54,"CWH xs   /111","Null",0,0,
"whmacken","Delete","assoc-37",157,"!*alliance-63","Delete",12/27/2022 11:24:54,"assoc-37","Null",0,0,
"whmacken","Delete","working-133",158,"!*assoc-37","Delete",12/27/2022 11:24:54,"working-133","Null",0,0,
"whmacken","Delete","CWH xs   /110",159,"!*working-133","Delete",12/27/2022 11:24:54,"CWH xs   /110","Null",0,0,
"whmacken","Delete","alliance-64",160,"!*suborder-28","Delete",12/27/2022 11:24:54,"alliance-64","Null",0,0,
"whmacken","Delete","assoc-39",161,"!*alliance-64","Delete",12/27/2022 11:24:54,"assoc-39","Null",0,0,
"whmacken","Delete","working-135",162,"!*assoc-39","Delete",12/27/2022 11:24:54,"working-135","Null",0,0,
"whmacken","Delete","CWH xs   /Fm",163,"!*working-135","Delete",12/27/2022 11:24:54,"CWH xs   /Fm","Null",0,0,
"whmacken","Delete","order-4",164,"placed","Delete",12/27/2022 11:25:01,"order-4","Null",0,0,
"whmacken","Delete","suborder-5",165,"!*order-4","Delete",12/27/2022 11:25:01,"suborder-5","Null",0,0,
"whmacken","Delete","alliance-6",166,"!*suborder-5","Delete",12/27/2022 11:25:02,"alliance-6","Null",0,0,
"whmacken","Delete","assoc-120",167,"!*alliance-6","Delete",12/27/2022 11:25:02,"assoc-120","Null",0,0,
"whmacken","Delete","working-9",168,"!*assoc-120","Delete",12/27/2022 11:25:02,"working-9","Null",0,0,
"whmacken","Delete","CDF mm   /113",169,"!*working-9","Delete",12/27/2022 11:25:02,"CDF mm   /113","Null",0,0,
"whmacken","Delete","assoc-110",170,"!*alliance-6","Delete",12/27/2022 11:25:02,"assoc-110","Null",0,0,
"whmacken","Delete","working-75",171,"!*assoc-110","Delete",12/27/2022 11:25:02,"working-75","Null",0,0,
"whmacken","Delete","CWH vm 1 /115.1",172,"!*working-75","Delete",12/27/2022 11:25:02,"CWH vm 1 /115.1","Null",0,0,
"whmacken","Delete","CWH xm 2 /114",173,"!*working-75","Delete",12/27/2022 11:25:02,"CWH xm 2 /114","Null",0,0,
"whmacken","Delete","assoc-18",174,"!*alliance-6","Delete",12/27/2022 11:25:02,"assoc-18","Null",0,0,
"whmacken","Delete","working-115",175,"!*assoc-18","Delete",12/27/2022 11:25:02,"working-115","Null",0,0,
"whmacken","Delete","CWH xm 1 /113",176,"!*working-115","Delete",12/27/2022 11:25:02,"CWH xm 1 /113","Null",0,0,
"whmacken","Delete","alliance-44",177,"!*suborder-5","Delete",12/27/2022 11:25:02,"alliance-44","Null",0,0,
"whmacken","Delete","suborder-8",182,"!*order-4","Delete",12/27/2022 11:25:02,"suborder-8","Null",0,0,
"whmacken","Delete","alliance-9",183,"!*suborder-8","Delete",12/27/2022 11:25:02,"alliance-9","Null",0,0,
"whmacken","Delete","assoc-23",184,"!*alliance-9","Delete",12/27/2022 11:25:02,"assoc-23","Null",0,0,
"whmacken","Delete","working-12",185,"!*assoc-23","Delete",12/27/2022 11:25:02,"working-12","Null",0,0,
"whmacken","Delete","CDF mm   /116",186,"!*working-12","Delete",12/27/2022 11:25:02,"CDF mm   /116","Null",0,0,
"whmacken","Delete","assoc-22",187,"!*alliance-9","Delete",12/27/2022 11:25:02,"assoc-22","Null",0,0,
"whmacken","Delete","working-119",188,"!*assoc-22","Delete",12/27/2022 11:25:02,"working-119","Null",0,0,
"whmacken","Delete","CWH xm 1 /118",189,"!*working-119","Delete",12/27/2022 11:25:02,"CWH xm 1 /118","Null",0,0,
"whmacken","Delete","order-5",190,"placed","Delete",12/27/2022 11:25:07,"order-5","Null",0,0,
"whmacken","Delete","suborder-6",191,"!*order-5","Delete",12/27/2022 11:25:07,"suborder-6","Null",0,0,
"whmacken","Delete","alliance-7",192,"!*suborder-6","Delete",12/27/2022 11:25:07,"alliance-7","Null",0,0,
"whmacken","Delete","assoc-2",193,"!*alliance-7","Delete",12/27/2022 11:25:07,"assoc-2","Null",0,0,
"whmacken","Delete","working-10",194,"!*assoc-2","Delete",12/27/2022 11:25:07,"working-10","Null",0,0,
"whmacken","Delete","CDF mm   /114",195,"!*working-10","Delete",12/27/2022 11:25:07,"CDF mm   /114","Null",0,0,
"whmacken","Delete","assoc-19",196,"!*alliance-7","Delete",12/27/2022 11:25:07,"assoc-19","Null",0,0,
"whmacken","Delete","working-116",197,"!*assoc-19","Delete",12/27/2022 11:25:07,"working-116","Null",0,0,
"whmacken","Delete","CWH xm 1 /115 W56",198,"!*working-116","Delete",12/27/2022 11:25:07,"CWH xm 1 /115 W56","Null",0,0,
"whmacken","Delete","CWH xm 2 /115",199,"!*working-116","Delete",12/27/2022 11:25:07,"CWH xm 2 /115","Null",0,0,
"whmacken","Delete","suborder-17",200,"!*order-5","Delete",12/27/2022 11:25:07,"suborder-17","Null",0,0,
"whmacken","Delete","alliance-32",201,"!*suborder-17","Delete",12/27/2022 11:25:07,"alliance-32","Null",0,0,
"whmacken","Delete","assoc-92",202,"!*alliance-32","Delete",12/27/2022 11:25:07,"assoc-92","Null",0,0,
"whmacken","Delete","working-52",203,"!*assoc-92","Delete",12/27/2022 11:25:07,"working-52","Null",0,0,
"whmacken","Delete","CWH ms 4 /102",204,"!*working-52","Delete",12/27/2022 11:25:07,"CWH ms 4 /102","Null",0,0,
"whmacken","Delete","assoc-24",205,"!*alliance-32","Delete",12/27/2022 11:25:07,"assoc-24","Null",0,0,
"whmacken","Delete","working-120",206,"!*assoc-24","Delete",12/27/2022 11:25:07,"working-120","Null",0,0,
"whmacken","Delete","CWH xm 2 /102.1",207,"!*working-120","Delete",12/27/2022 11:25:07,"CWH xm 2 /102.1","Null",0,0,
"whmacken","Delete","alliance-56",208,"!*suborder-17","Delete",12/27/2022 11:25:07,"alliance-56","Null",0,0,
"whmacken","Delete","assoc-6",209,"!*alliance-56","Delete",12/27/2022 11:25:07,"assoc-6","Null",0,0,
"whmacken","Delete","working-103",210,"!*assoc-6","Delete",12/27/2022 11:25:07,"working-103","Null",0,0,
"whmacken","Delete","CWH ws 1 /102",211,"!*working-103","Delete",12/27/2022 11:25:07,"CWH ws 1 /102","Null",0,0,
"whmacken","Delete","order-6",212,"placed","Delete",12/27/2022 11:25:11,"order-6","Null",0,0,
"whmacken","Delete","suborder-7",213,"!*order-6","Delete",12/27/2022 11:25:11,"suborder-7","Null",0,0,
"whmacken","Delete","alliance-8",214,"!*suborder-7","Delete",12/27/2022 11:25:11,"alliance-8","Null",0,0,
"whmacken","Delete","assoc-13",215,"!*alliance-8","Delete",12/27/2022 11:25:11,"assoc-13","Null",0,0,
"whmacken","Delete","working-11",216,"!*assoc-13","Delete",12/27/2022 11:25:11,"working-11","Null",0,0,
"whmacken","Delete","CDF mm   /115",217,"!*working-11","Delete",12/27/2022 11:25:11,"CDF mm   /115","Null",0,0,
"whmacken","Delete","suborder-14",218,"!*order-6","Delete",12/27/2022 11:25:11,"suborder-14","Null",0,0,
"whmacken","Delete","alliance-17",219,"!*suborder-14","Delete",12/27/2022 11:25:11,"alliance-17","Null",0,0,
"whmacken","Delete","assoc-62",220,"!*alliance-17","Delete",12/27/2022 11:25:12,"assoc-62","Null",0,0,
"whmacken","Delete","working-21",221,"!*assoc-62","Delete",12/27/2022 11:25:12,"working-21","Null",0,0,
"whmacken","Delete","CWH ds 1 /Fm",222,"!*working-21","Delete",12/27/2022 11:25:12,"CWH ds 1 /Fm","Null",0,0,
"whmacken","Delete","assoc-95",223,"!*alliance-17","Delete",12/27/2022 11:25:12,"assoc-95","Null",0,0,
"whmacken","Delete","working-55",224,"!*assoc-95","Delete",12/27/2022 11:25:12,"working-55","Null",0,0,
"whmacken","Delete","CWH ms 4 /114",225,"!*working-55","Delete",12/27/2022 11:25:12,"CWH ms 4 /114","Null",0,0,
"whmacken","Delete","CWH vm 3 /115",226,"!*working-55","Delete",12/27/2022 11:25:12,"CWH vm 3 /115","Null",0,0,
"whmacken","Delete","assoc-10",227,"!*alliance-17","Delete",12/27/2022 11:25:12,"assoc-10","Null",0,0,
"whmacken","Delete","working-107",228,"!*assoc-10","Delete",12/27/2022 11:25:12,"working-107","Null",0,0,
"whmacken","Delete","CWH ws 1 /114",229,"!*working-107","Delete",12/27/2022 11:25:12,"CWH ws 1 /114","Null",0,0,
"whmacken","Delete","alliance-54",230,"!*suborder-14","Delete",12/27/2022 11:25:12,"alliance-54","Null",0,0,
"whmacken","Delete","assoc-4",231,"!*alliance-54","Delete",12/27/2022 11:25:12,"assoc-4","Null",0,0,
"whmacken","Delete","working-101",232,"!*assoc-4","Delete",12/27/2022 11:25:12,"working-101","Null",0,0,
"whmacken","Delete","CWH wm   /114",233,"!*working-101","Delete",12/27/2022 11:25:12,"CWH wm   /114","Null",0,0,
"whmacken","Delete","alliance-55",234,"!*suborder-14","Delete",12/27/2022 11:25:12,"alliance-55","Null",0,0,
"whmacken","Delete","assoc-5",235,"!*alliance-55","Delete",12/27/2022 11:25:12,"assoc-5","Null",0,0,
"whmacken","Delete","working-102",236,"!*assoc-5","Delete",12/27/2022 11:25:12,"working-102","Null",0,0,
"whmacken","Delete","CWH wm   /Fl",237,"!*working-102","Delete",12/27/2022 11:25:12,"CWH wm   /Fl","Null",0,0,
"whmacken","Delete","suborder-21",238,"!*order-6","Delete",12/27/2022 11:25:12,"suborder-21","Null",0,0,
"whmacken","Delete","alliance-43",239,"!*suborder-21","Delete",12/27/2022 11:25:12,"alliance-43","Null",0,0,
"whmacken","Delete","assoc-111",240,"!*alliance-43","Delete",12/27/2022 11:25:12,"assoc-111","Null",0,0,
"whmacken","Delete","working-76",241,"!*assoc-111","Delete",12/27/2022 11:25:12,"working-76","Null",0,0,
"whmacken","Delete","CWH vm 1 /115.2",242,"!*working-76","Delete",12/27/2022 11:25:12,"CWH vm 1 /115.2","Null",0,0,
"whmacken","Delete","alliance-60",243,"!*suborder-21","Delete",12/27/2022 11:25:12,"alliance-60","Null",0,0,
"whmacken","Delete","assoc-30",244,"!*alliance-60","Delete",12/27/2022 11:25:12,"assoc-30","Null",0,0,
"whmacken","Delete","working-127",245,"!*assoc-30","Delete",12/27/2022 11:25:12,"working-127","Null",0,0,
"whmacken","Delete","CWH xm 3 /113",246,"!*working-127","Delete",12/27/2022 11:25:12,"CWH xm 3 /113","Null",0,0,
"whmacken","Delete","alliance-61",247,"!*suborder-21","Delete",12/27/2022 11:25:12,"alliance-61","Null",0,0,
"whmacken","Delete","assoc-31",248,"!*alliance-61","Delete",12/27/2022 11:25:12,"assoc-31","Null",0,0,
"whmacken","Delete","working-128",249,"!*assoc-31","Delete",12/27/2022 11:25:12,"working-128","Null",0,0,
"whmacken","Delete","CWH xm 3 /114",250,"!*working-128","Delete",12/27/2022 11:25:12,"CWH xm 3 /114","Null",0,0,
"whmacken","Delete","suborder-26",251,"!*order-6","Delete",12/27/2022 11:25:12,"suborder-26","Null",0,0,
"whmacken","Delete","alliance-59",252,"!*suborder-26","Delete",12/27/2022 11:25:12,"alliance-59","Null",0,0,
"whmacken","Delete","assoc-20",253,"!*alliance-59","Delete",12/27/2022 11:25:12,"assoc-20","Null",0,0,
"whmacken","Delete","working-117",254,"!*assoc-20","Delete",12/27/2022 11:25:12,"working-117","Null",0,0,
"whmacken","Delete","CWH xm 1 /116",255,"!*working-117","Delete",12/27/2022 11:25:12,"CWH xm 1 /116","Null",0,0,
"whmacken","Delete","order-7",256,"placed","Delete",12/27/2022 11:25:16,"order-7","Null",0,0,
"whmacken","Delete","suborder-9",257,"!*order-7","Delete",12/27/2022 11:25:16,"suborder-9","Null",0,0,
"whmacken","Delete","alliance-10",258,"!*suborder-9","Delete",12/27/2022 11:25:16,"alliance-10","Null",0,0,
"whmacken","Delete","assoc-33",259,"!*alliance-10","Delete",12/27/2022 11:25:16,"assoc-33","Null",0,0,
"whmacken","Delete","working-13",260,"!*assoc-33","Delete",12/27/2022 11:25:16,"working-13","Null",0,0,
"whmacken","Delete","CDF mm   /117",261,"!*working-13","Delete",12/27/2022 11:25:16,"CDF mm   /117","Null",0,0,
"whmacken","Delete","assoc-21",262,"!*alliance-10","Delete",12/27/2022 11:25:16,"assoc-21","Null",0,0,
"whmacken","Delete","working-118",263,"!*assoc-21","Delete",12/27/2022 11:25:16,"working-118","Null",0,0,
"whmacken","Delete","CWH xm 1 /117",264,"!*working-118","Delete",12/27/2022 11:25:16,"CWH xm 1 /117","Null",0,0,
"whmacken","Delete","CWH xm 2 /117",265,"!*working-118","Delete",12/27/2022 11:25:16,"CWH xm 2 /117","Null",0,0,
"whmacken","Delete","alliance-24",266,"!*suborder-9","Delete",12/27/2022 11:25:16,"alliance-24","Null",0,0,
"whmacken","Delete","assoc-73",267,"!*alliance-24","Delete",12/27/2022 11:25:16,"assoc-73","Null",0,0,
"whmacken","Delete","working-32",268,"!*assoc-73","Delete",12/27/2022 11:25:16,"working-32","Null",0,0,
"whmacken","Delete","CWH mm 1 /117",269,"!*working-32","Delete",12/27/2022 11:25:16,"CWH mm 1 /117","Null",0,0,
"whmacken","Delete","assoc-91",270,"!*alliance-24","Delete",12/27/2022 11:25:16,"assoc-91","Null",0,0,
"whmacken","Delete","working-51",271,"!*assoc-91","Delete",12/27/2022 11:25:16,"working-51","Null",0,0,
"whmacken","Delete","CWH ms 3 /116",272,"!*working-51","Delete",12/27/2022 11:25:16,"CWH ms 3 /116","Null",0,0,
"whmacken","Delete","alliance-29",273,"!*suborder-9","Delete",12/27/2022 11:25:16,"alliance-29","Null",0,0,
"whmacken","Delete","assoc-32",274,"!*alliance-29","Delete",12/27/2022 11:25:16,"assoc-32","Null",0,0,
"whmacken","Delete","working-40",275,"!*assoc-32","Delete",12/27/2022 11:25:17,"working-40","Null",0,0,
"whmacken","Delete","CWH ms 1 /114",276,"!*working-40","Delete",12/27/2022 11:25:17,"CWH ms 1 /114","Null",0,0,
"whmacken","Delete","CWH ms 4 /116",277,"!*working-40","Delete",12/27/2022 11:25:17,"CWH ms 4 /116","Null",0,0,
"whmacken","Delete","working-129",278,"!*assoc-32","Delete",12/27/2022 11:25:17,"working-129","Null",0,0,
"whmacken","Delete","CWH xm 3 /116",279,"!*working-129","Delete",12/27/2022 11:25:17,"CWH xm 3 /116","Null",0,0,
"whmacken","Delete","assoc-108",280,"!*alliance-29","Delete",12/27/2022 11:25:17,"assoc-108","Null",0,0,
"whmacken","Delete","working-70",281,"!*assoc-108","Delete",12/27/2022 11:25:17,"working-70","Null",0,0,
"whmacken","Delete","CWH vh 2 /115",282,"!*working-70","Delete",12/27/2022 11:25:17,"CWH vh 2 /115","Null",0,0,
"whmacken","Delete","CWH vm 3 /116.1",283,"!*working-70","Delete",12/27/2022 11:25:17,"CWH vm 3 /116.1","Null",0,0,
"whmacken","Delete","working-77",284,"!*assoc-108","Delete",12/27/2022 11:25:17,"working-77","Null",0,0,
"whmacken","Delete","CWH vm 1 /116",285,"!*working-77","Delete",12/27/2022 11:25:17,"CWH vm 1 /116","Null",0,0,
"whmacken","Delete","alliance-49",286,"!*suborder-9","Delete",12/27/2022 11:25:17,"alliance-49","Null",0,0,
"whmacken","Delete","assoc-121",287,"!*alliance-49","Delete",12/27/2022 11:25:17,"assoc-121","Null",0,0,
"whmacken","Delete","working-90",288,"!*assoc-121","Delete",12/27/2022 11:25:17,"working-90","Null",0,0,
"whmacken","Delete","CWH vm 3 /116.2",289,"!*working-90","Delete",12/27/2022 11:25:17,"CWH vm 3 /116.2","Null",0,0,
"whmacken","Delete","CWH wm   /115.2",290,"!*working-90","Delete",12/27/2022 11:25:17,"CWH wm   /115.2","Null",0,0,
"whmacken","Delete","assoc-11",291,"!*alliance-49","Delete",12/27/2022 11:25:17,"assoc-11","Null",0,0,
"whmacken","Delete","working-108",292,"!*assoc-11","Delete",12/27/2022 11:25:17,"working-108","Null",0,0,
"whmacken","Delete","CWH ws 1 /116",293,"!*working-108","Delete",12/27/2022 11:25:17,"CWH ws 1 /116","Null",0,0,
"whmacken","Delete","suborder-13",294,"!*order-7","Delete",12/27/2022 11:25:17,"suborder-13","Null",0,0,
"whmacken","Delete","alliance-16",295,"!*suborder-13","Delete",12/27/2022 11:25:17,"alliance-16","Null",0,0,
"whmacken","Delete","assoc-61",296,"!*alliance-16","Delete",12/27/2022 11:25:17,"assoc-61","Null",0,0,
"whmacken","Delete","working-20",297,"!*assoc-61","Delete",12/27/2022 11:25:17,"working-20","Null",0,0,
"whmacken","Delete","CWH ds 1 /112",298,"!*working-20","Delete",12/27/2022 11:25:17,"CWH ds 1 /112","Null",0,0,
"whmacken","Delete","CWH ds 1 /111",299,"!*working-20","Delete",12/27/2022 11:25:17,"CWH ds 1 /111","Null",0,0,
"whmacken","Delete","assoc-66",300,"!*alliance-16","Delete",12/27/2022 11:25:17,"assoc-66","Null",0,0,
"whmacken","Delete","working-25",301,"!*assoc-66","Delete",12/27/2022 11:25:17,"working-25","Null",0,0,
"whmacken","Delete","CWH ds 2 /111",302,"!*working-25","Delete",12/27/2022 11:25:17,"CWH ds 2 /111","Null",0,0,
"whmacken","Delete","alliance-22",303,"!*suborder-13","Delete",12/27/2022 11:25:17,"alliance-22","Null",0,0,
"whmacken","Delete","assoc-71",304,"!*alliance-22","Delete",12/27/2022 11:25:17,"assoc-71","Null",0,0,
"whmacken","Delete","working-30",305,"!*assoc-71","Delete",12/27/2022 11:25:17,"working-30","Null",0,0,
"whmacken","Delete","CWH mm 1 /112",306,"!*working-30","Delete",12/27/2022 11:25:17,"CWH mm 1 /112","Null",0,0,
"whmacken","Delete","assoc-26",307,"!*alliance-22","Delete",12/27/2022 11:25:17,"assoc-26","Null",0,0,
"whmacken","Delete","working-123",308,"!*assoc-26","Delete",12/27/2022 11:25:17,"working-123","Null",0,0,
"whmacken","Delete","CWH xm 2 /112.2",309,"!*working-123","Delete",12/27/2022 11:25:17,"CWH xm 2 /112.2","Null",0,0,
"whmacken","Delete","assoc-27",310,"!*alliance-22","Delete",12/27/2022 11:25:17,"assoc-27","Null",0,0,
"whmacken","Delete","working-124",311,"!*assoc-27","Delete",12/27/2022 11:25:17,"working-124","Null",0,0,
"whmacken","Delete","CWH xm 2 /113",312,"!*working-124","Delete",12/27/2022 11:25:17,"CWH xm 2 /113","Null",0,0,
"whmacken","Delete","alliance-27",313,"!*suborder-13","Delete",12/27/2022 11:25:17,"alliance-27","Null",0,0,
"whmacken","Delete","assoc-79",314,"!*alliance-27","Delete",12/27/2022 11:25:17,"assoc-79","Null",0,0,
"whmacken","Delete","working-38",315,"!*assoc-79","Delete",12/27/2022 11:25:17,"working-38","Null",0,0,
"whmacken","Delete","CWH ms 1 /112",316,"!*working-38","Delete",12/27/2022 11:25:17,"CWH ms 1 /112","Null",0,0,
"whmacken","Delete","CWH ms 2 /112",317,"!*working-38","Delete",12/27/2022 11:25:17,"CWH ms 2 /112","Null",0,0,
"whmacken","Delete","CWH ms 3 /112",318,"!*working-38","Delete",12/27/2022 11:25:17,"CWH ms 3 /112","Null",0,0,
"whmacken","Delete","assoc-90",319,"!*alliance-27","Delete",12/27/2022 11:25:17,"assoc-90","Null",0,0,
"whmacken","Delete","working-50",320,"!*assoc-90","Delete",12/27/2022 11:25:17,"working-50","Null",0,0,
"whmacken","Delete","CWH ms 3 /113",321,"!*working-50","Delete",12/27/2022 11:25:17,"CWH ms 3 /113","Null",0,0,
"whmacken","Delete","alliance-30",322,"!*suborder-13","Delete",12/27/2022 11:25:17,"alliance-30","Null",0,0,
"whmacken","Delete","assoc-84",323,"!*alliance-30","Delete",12/27/2022 11:25:18,"assoc-84","Null",0,0,
"whmacken","Delete","working-45",324,"!*assoc-84","Delete",12/27/2022 11:25:18,"working-45","Null",0,0,
"whmacken","Delete","CWH ms 2 /110",325,"!*working-45","Delete",12/27/2022 11:25:18,"CWH ms 2 /110","Null",0,0,
"whmacken","Delete","assoc-88",326,"!*alliance-30","Delete",12/27/2022 11:25:18,"assoc-88","Null",0,0,
"whmacken","Delete","working-49",327,"!*assoc-88","Delete",12/27/2022 11:25:18,"working-49","Null",0,0,
"whmacken","Delete","CWH ms 3 /110",328,"!*working-49","Delete",12/27/2022 11:25:18,"CWH ms 3 /110","Null",0,0,
"whmacken","Delete","suborder-15",329,"!*order-7","Delete",12/27/2022 11:25:18,"suborder-15","Null",0,0,
"whmacken","Delete","alliance-20",330,"!*suborder-15","Delete",12/27/2022 11:25:18,"alliance-20","Null",0,0,
"whmacken","Delete","assoc-67",331,"!*alliance-20","Delete",12/27/2022 11:25:18,"assoc-67","Null",0,0,
"whmacken","Delete","working-26",332,"!*assoc-67","Delete",12/27/2022 11:25:18,"working-26","Null",0,0,
"whmacken","Delete","CWH mm 1 /101",333,"!*working-26","Delete",12/27/2022 11:25:18,"CWH mm 1 /101","Null",0,0,
"whmacken","Delete","CWH mm 2 /101",334,"!*working-26","Delete",12/27/2022 11:25:18,"CWH mm 2 /101","Null",0,0,
"whmacken","Delete","CWH ms 1 /101",335,"!*working-26","Delete",12/27/2022 11:25:18,"CWH ms 1 /101","Null",0,0,
"whmacken","Delete","CWH ms 4 /101",336,"!*working-26","Delete",12/27/2022 11:25:18,"CWH ms 4 /101","Null",0,0,
"whmacken","Delete","CWH vm 1 /101",337,"!*working-26","Delete",12/27/2022 11:25:18,"CWH vm 1 /101","Null",0,0,
"whmacken","Delete","CWH vm 3 /101",338,"!*working-26","Delete",12/27/2022 11:25:18,"CWH vm 3 /101","Null",0,0,
"whmacken","Delete","CWH ws 1 /101",339,"!*working-26","Delete",12/27/2022 11:25:18,"CWH ws 1 /101","Null",0,0,
"whmacken","Delete","CWH ws 2 /101",340,"!*working-26","Delete",12/27/2022 11:25:18,"CWH ws 2 /101","Null",0,0,
"whmacken","Delete","working-41",341,"!*assoc-67","Delete",12/27/2022 11:25:18,"working-41","Null",0,0,
"whmacken","Delete","CWH ms 2 /101",342,"!*working-41","Delete",12/27/2022 11:25:18,"CWH ms 2 /101","Null",0,0,
"whmacken","Delete","CWH ms 2 /111",343,"!*working-41","Delete",12/27/2022 11:25:18,"CWH ms 2 /111","Null",0,0,
"whmacken","Delete","assoc-75",344,"!*alliance-20","Delete",12/27/2022 11:25:18,"assoc-75","Null",0,0,
"whmacken","Delete","working-34",345,"!*assoc-75","Delete",12/27/2022 11:25:18,"working-34","Null",0,0,
"whmacken","Delete","CWH mm 2 /112",346,"!*working-34","Delete",12/27/2022 11:25:18,"CWH mm 2 /112","Null",0,0,
"whmacken","Delete","assoc-105",347,"!*alliance-20","Delete",12/27/2022 11:25:18,"assoc-105","Null",0,0,
"whmacken","Delete","working-71",348,"!*assoc-105","Delete",12/27/2022 11:25:18,"working-71","Null",0,0,
"whmacken","Delete","CWH vm 1 /110",349,"!*working-71","Delete",12/27/2022 11:25:18,"CWH vm 1 /110","Null",0,0,
"whmacken","Delete","CWH vm 3 /110",350,"!*working-71","Delete",12/27/2022 11:25:18,"CWH vm 3 /110","Null",0,0,
"whmacken","Delete","assoc-125",351,"!*alliance-20","Delete",12/27/2022 11:25:18,"assoc-125","Null",0,0,
"whmacken","Delete","working-95",352,"!*assoc-125","Delete",12/27/2022 11:25:18,"working-95","Null",0,0,
"whmacken","Delete","CWH vm 4 /110",353,"!*working-95","Delete",12/27/2022 11:25:18,"CWH vm 4 /110","Null",0,0,
"whmacken","Delete","CWH ws 2 /110",354,"!*working-95","Delete",12/27/2022 11:25:18,"CWH ws 2 /110","Null",0,0,
"whmacken","Delete","alliance-37",355,"!*suborder-15","Delete",12/27/2022 11:25:18,"alliance-37","Null",0,0,
"whmacken","Delete","assoc-98",356,"!*alliance-37","Delete",12/27/2022 11:25:18,"assoc-98","Null",0,0,
"whmacken","Delete","working-59",357,"!*assoc-98","Delete",12/27/2022 11:25:18,"working-59","Null",0,0,
"whmacken","Delete","CWH vh 1 /105",358,"!*working-59","Delete",12/27/2022 11:25:18,"CWH vh 1 /105","Null",0,0,
"whmacken","Delete","working-60",359,"!*assoc-98","Delete",12/27/2022 11:25:18,"working-60","Null",0,0,
"whmacken","Delete","CWH vh 1 /106",360,"!*working-60","Delete",12/27/2022 11:25:18,"CWH vh 1 /106","Null",0,0,
"whmacken","Delete","CWH vh 2 /106",361,"!*working-60","Delete",12/27/2022 11:25:18,"CWH vh 2 /106","Null",0,0,
"whmacken","Delete","CWH vm 1 /105",362,"!*working-60","Delete",12/27/2022 11:25:18,"CWH vm 1 /105","Null",0,0,
"whmacken","Delete","CWH vm 3 /104",363,"!*working-60","Delete",12/27/2022 11:25:18,"CWH vm 3 /104","Null",0,0,
"whmacken","Delete","alliance-52",370,"!*suborder-15","Delete",12/27/2022 11:25:18,"alliance-52","Null",0,0,
"whmacken","Delete","assoc-127",371,"!*alliance-52","Delete",12/27/2022 11:25:18,"assoc-127","Null",0,0,
"whmacken","Delete","working-97",372,"!*assoc-127","Delete",12/27/2022 11:25:18,"working-97","Null",0,0,
"whmacken","Delete","CWH wm   /101",373,"!*working-97","Delete",12/27/2022 11:25:18,"CWH wm   /101","Null",0,0,
"whmacken","Delete","CWH wm   /110",374,"!*working-97","Delete",12/27/2022 11:25:18,"CWH wm   /110","Null",0,0,
"whmacken","Delete","alliance-57",375,"!*suborder-15","Delete",12/27/2022 11:25:18,"alliance-57","Null",0,0,
"whmacken","Delete","assoc-7",376,"!*alliance-57","Delete",12/27/2022 11:25:18,"assoc-7","Null",0,0,
"whmacken","Delete","working-104",377,"!*assoc-7","Delete",12/27/2022 11:25:18,"working-104","Null",0,0,
"whmacken","Delete","CWH ws 1 /103",378,"!*working-104","Delete",12/27/2022 11:25:19,"CWH ws 1 /103","Null",0,0,
"whmacken","Delete","CWH ws 2 /103",379,"!*working-104","Delete",12/27/2022 11:25:19,"CWH ws 2 /103","Null",0,0,
"whmacken","Delete","suborder-16",380,"!*order-7","Delete",12/27/2022 11:25:19,"suborder-16","Null",0,0,
"whmacken","Delete","alliance-28",381,"!*suborder-16","Delete",12/27/2022 11:25:19,"alliance-28","Null",0,0,
"whmacken","Delete","assoc-106",385,"!*alliance-28","Delete",12/27/2022 11:25:19,"assoc-106","Null",0,0,
"whmacken","Delete","working-73",386,"!*assoc-106","Delete",12/27/2022 11:25:19,"working-73","Null",0,0,
"whmacken","Delete","CWH vm 1 /112.2",387,"!*working-73","Delete",12/27/2022 11:25:19,"CWH vm 1 /112.2","Null",0,0,
"whmacken","Delete","CWH vm 2 /112.2",388,"!*working-73","Delete",12/27/2022 11:25:19,"CWH vm 2 /112.2","Null",0,0,
"whmacken","Delete","CWH vm 3 /112.2",389,"!*working-73","Delete",12/27/2022 11:25:19,"CWH vm 3 /112.2","Null",0,0,
"whmacken","Delete","CWH vm 4 /112",390,"!*working-73","Delete",12/27/2022 11:25:19,"CWH vm 4 /112","Null",0,0,
"whmacken","Delete","CWH ws 2 /113",391,"!*working-73","Delete",12/27/2022 11:25:19,"CWH ws 2 /113","Null",0,0,
"whmacken","Delete","assoc-14",392,"!*alliance-28","Delete",12/27/2022 11:25:19,"assoc-14","Null",0,0,
"whmacken","Delete","working-110",393,"!*assoc-14","Delete",12/27/2022 11:25:19,"working-110","Null",0,0,
"whmacken","Delete","CWH ws 2 /114",394,"!*working-110","Delete",12/27/2022 11:25:19,"CWH ws 2 /114","Null",0,0,
"whmacken","Delete","alliance-33",395,"!*suborder-16","Delete",12/27/2022 11:25:19,"alliance-33","Null",0,0,
"whmacken","Delete","assoc-93",396,"!*alliance-33","Delete",12/27/2022 11:25:19,"assoc-93","Null",0,0,
"whmacken","Delete","working-53",397,"!*assoc-93","Delete",12/27/2022 11:25:19,"working-53","Null",0,0,
"whmacken","Delete","CWH ms 4 /110",398,"!*working-53","Delete",12/27/2022 11:25:19,"CWH ms 4 /110","Null",0,0,
"whmacken","Delete","CWH ms 4 /112",399,"!*working-53","Delete",12/27/2022 11:25:19,"CWH ms 4 /112","Null",0,0,
"whmacken","Delete","CWH ws 1 /110",400,"!*working-53","Delete",12/27/2022 11:25:19,"CWH ws 1 /110","Null",0,0,
"whmacken","Delete","assoc-3",401,"!*alliance-33","Delete",12/27/2022 11:25:19,"assoc-3","Null",0,0,
"whmacken","Delete","working-100",402,"!*assoc-3","Delete",12/27/2022 11:25:19,"working-100","Null",0,0,
"whmacken","Delete","CWH wm   /112",403,"!*working-100","Delete",12/27/2022 11:25:19,"CWH wm   /112","Null",0,0,
"whmacken","Delete","assoc-8",404,"!*alliance-33","Delete",12/27/2022 11:25:19,"assoc-8","Null",0,0,
"whmacken","Delete","working-105",405,"!*assoc-8","Delete",12/27/2022 11:25:19,"working-105","Null",0,0,
"whmacken","Delete","CWH ws 1 /112",406,"!*working-105","Delete",12/27/2022 11:25:19,"CWH ws 1 /112","Null",0,0,
"whmacken","Delete","alliance-34",407,"!*suborder-16","Delete",12/27/2022 11:25:19,"alliance-34","Null",0,0,
"whmacken","Delete","assoc-94",408,"!*alliance-34","Delete",12/27/2022 11:25:19,"assoc-94","Null",0,0,
"whmacken","Delete","working-54",409,"!*assoc-94","Delete",12/27/2022 11:25:19,"working-54","Null",0,0,
"whmacken","Delete","CWH ms 4 /113",410,"!*working-54","Delete",12/27/2022 11:25:19,"CWH ms 4 /113","Null",0,0,
"whmacken","Delete","assoc-9",411,"!*alliance-34","Delete",12/27/2022 11:25:19,"assoc-9","Null",0,0,
"whmacken","Delete","working-89",412,"!*assoc-9","Delete",12/27/2022 11:25:19,"working-89","Null",0,0,
"whmacken","Delete","CWH vm 3 /114",413,"!*working-89","Delete",12/27/2022 11:25:19,"CWH vm 3 /114","Null",0,0,
"whmacken","Delete","CWH wm   /113",414,"!*working-89","Delete",12/27/2022 11:25:19,"CWH wm   /113","Null",0,0,
"whmacken","Delete","working-106",415,"!*assoc-9","Delete",12/27/2022 11:25:19,"working-106","Null",0,0,
"whmacken","Delete","CWH ws 1 /113",416,"!*working-106","Delete",12/27/2022 11:25:19,"CWH ws 1 /113","Null",0,0,
"whmacken","Delete","suborder-18",417,"!*order-7","Delete",12/27/2022 11:25:19,"suborder-18","Null",0,0,
"whmacken","Delete","alliance-35",418,"!*suborder-18","Delete",12/27/2022 11:25:19,"alliance-35","Null",0,0,
"whmacken","Delete","assoc-96",419,"!*alliance-35","Delete",12/27/2022 11:25:19,"assoc-96","Null",0,0,
"whmacken","Delete","working-58",420,"!*assoc-96","Delete",12/27/2022 11:25:19,"working-58","Null",0,0,
"whmacken","Delete","CWH vh 1 /104",421,"!*working-58","Delete",12/27/2022 11:25:19,"CWH vh 1 /104","Null",0,0,
"whmacken","Delete","CWH vh 1 /113",422,"!*working-58","Delete",12/27/2022 11:25:19,"CWH vh 1 /113","Null",0,0,
"whmacken","Delete","working-56",423,"!*assoc-96","Delete",12/27/2022 11:25:19,"working-56","Null",0,0,
"whmacken","Delete","CWH vh 1 /101",424,"!*working-56","Delete",12/27/2022 11:25:19,"CWH vh 1 /101","Null",0,0,
"whmacken","Delete","CWH vh 1 /114",425,"!*working-56","Delete",12/27/2022 11:25:19,"CWH vh 1 /114","Null",0,0,
"whmacken","Delete","CWH vm 1 /111.2",426,"!*working-56","Delete",12/27/2022 11:25:19,"CWH vm 1 /111.2","Null",0,0,
"whmacken","Delete","working-63",427,"!*assoc-96","Delete",12/27/2022 11:25:19,"working-63","Null",0,0,
"whmacken","Delete","CWH vh 2 /101",428,"!*working-63","Delete",12/27/2022 11:25:19,"CWH vh 2 /101","Null",0,0,
"whmacken","Delete","CWH vm 1 /103",429,"!*working-63","Delete",12/27/2022 11:25:20,"CWH vm 1 /103","Null",0,0,
"whmacken","Delete","CWH vm 3 /103",430,"!*working-63","Delete",12/27/2022 11:25:20,"CWH vm 3 /103","Null",0,0,
"whmacken","Delete","CWH vm 3 /111.2",431,"!*working-63","Delete",12/27/2022 11:25:20,"CWH vm 3 /111.2","Null",0,0,
"whmacken","Delete","alliance-40",432,"!*suborder-18","Delete",12/27/2022 11:25:20,"alliance-40","Null",0,0,
"whmacken","Delete","assoc-102",433,"!*alliance-40","Delete",12/27/2022 11:25:20,"assoc-102","Null",0,0,
"whmacken","Delete","working-64",434,"!*assoc-102","Delete",12/27/2022 11:25:20,"working-64","Null",0,0,
"whmacken","Delete","CWH vh 2 /102",435,"!*working-64","Delete",12/27/2022 11:25:20,"CWH vh 2 /102","Null",0,0,
"whmacken","Delete","assoc-119",436,"!*alliance-40","Delete",12/27/2022 11:25:20,"assoc-119","Null",0,0,
"whmacken","Delete","working-88",437,"!*assoc-119","Delete",12/27/2022 11:25:20,"working-88","Null",0,0,
"whmacken","Delete","CWH vm 3 /102",438,"!*working-88","Delete",12/27/2022 11:25:20,"CWH vm 3 /102","Null",0,0,
"whmacken","Delete","assoc-122",439,"!*alliance-40","Delete",12/27/2022 11:25:20,"assoc-122","Null",0,0,
"whmacken","Delete","working-91",440,"!*assoc-122","Delete",12/27/2022 11:25:20,"working-91","Null",0,0,
"whmacken","Delete","CWH vm 3 /W",441,"!*working-91","Delete",12/27/2022 11:25:20,"CWH vm 3 /W","Null",0,0,
"whmacken","Delete","alliance-41",442,"!*suborder-18","Delete",12/27/2022 11:25:20,"alliance-41","Null",0,0,
"whmacken","Delete","assoc-104",443,"!*alliance-41","Delete",12/27/2022 11:25:20,"assoc-104","Null",0,0,
"whmacken","Delete","working-66",444,"!*assoc-104","Delete",12/27/2022 11:25:20,"working-66","Null",0,0,
"whmacken","Delete","CWH vh 2 /104",445,"!*working-66","Delete",12/27/2022 11:25:20,"CWH vh 2 /104","Null",0,0,
"whmacken","Delete","CWH vh 2 /114",446,"!*working-66","Delete",12/27/2022 11:25:20,"CWH vh 2 /114","Null",0,0,
"whmacken","Delete","working-74",447,"!*assoc-104","Delete",12/27/2022 11:25:20,"working-74","Null",0,0,
"whmacken","Delete","CWH vm 1 /113",448,"!*working-74","Delete",12/27/2022 11:25:20,"CWH vm 1 /113","Null",0,0,
"whmacken","Delete","CWH vm 3 /113",449,"!*working-74","Delete",12/27/2022 11:25:20,"CWH vm 3 /113","Null",0,0,
"whmacken","Delete","CWH vm 4 /111.1",450,"!*working-74","Delete",12/27/2022 11:25:20,"CWH vm 4 /111.1","Null",0,0,
"whmacken","Delete","working-93",451,"!*assoc-104","Delete",12/27/2022 11:25:20,"working-93","Null",0,0,
"whmacken","Delete","CWH vm 4 /103",452,"!*working-93","Delete",12/27/2022 11:25:20,"CWH vm 4 /103","Null",0,0,
"whmacken","Delete","CWH vm 4 /111.2",453,"!*working-93","Delete",12/27/2022 11:25:20,"CWH vm 4 /111.2","Null",0,0,
"whmacken","Delete","assoc-113",454,"!*alliance-41","Delete",12/27/2022 11:25:20,"assoc-113","Null",0,0,
"whmacken","Delete","working-81",455,"!*assoc-113","Delete",12/27/2022 11:25:20,"working-81","Null",0,0,
"whmacken","Delete","CWH vm 2 /103",456,"!*working-81","Delete",12/27/2022 11:25:20,"CWH vm 2 /103","Null",0,0,
"whmacken","Delete","CWH vm 2 /111.2",457,"!*working-81","Delete",12/27/2022 11:25:20,"CWH vm 2 /111.2","Null",0,0,
"whmacken","Delete","suborder-19",458,"!*order-7","Delete",12/27/2022 11:25:20,"suborder-19","Null",0,0,
"whmacken","Delete","alliance-36",459,"!*suborder-19","Delete",12/27/2022 11:25:20,"alliance-36","Null",0,0,
"whmacken","Delete","assoc-97",460,"!*alliance-36","Delete",12/27/2022 11:25:20,"assoc-97","Null",0,0,
"whmacken","Delete","working-57",461,"!*assoc-97","Delete",12/27/2022 11:25:20,"working-57","Null",0,0,
"whmacken","Delete","CWH vh 1 /103.1",462,"!*working-57","Delete",12/27/2022 11:25:20,"CWH vh 1 /103.1","Null",0,0,
"whmacken","Delete","CWH vh 1 /103.2",463,"!*working-57","Delete",12/27/2022 11:25:20,"CWH vh 1 /103.2","Null",0,0,
"whmacken","Delete","assoc-103",464,"!*alliance-36","Delete",12/27/2022 11:25:20,"assoc-103","Null",0,0,
"whmacken","Delete","working-65",465,"!*assoc-103","Delete",12/27/2022 11:25:20,"working-65","Null",0,0,
"whmacken","Delete","CWH vh 2 /103.1",466,"!*working-65","Delete",12/27/2022 11:25:20,"CWH vh 2 /103.1","Null",0,0,
"whmacken","Delete","alliance-39",467,"!*suborder-19","Delete",12/27/2022 11:25:20,"alliance-39","Null",0,0,
"whmacken","Delete","assoc-101",468,"!*alliance-39","Delete",12/27/2022 11:25:20,"assoc-101","Null",0,0,
"whmacken","Delete","working-62",469,"!*assoc-101","Delete",12/27/2022 11:25:20,"working-62","Null",0,0,
"whmacken","Delete","CWH vh 1 /115",470,"!*working-62","Delete",12/27/2022 11:25:20,"CWH vh 1 /115","Null",0,0,
"whmacken","Delete","suborder-20",471,"!*order-7","Delete",12/27/2022 11:25:20,"suborder-20","Null",0,0,
"whmacken","Delete","alliance-38",472,"!*suborder-20","Delete",12/27/2022 11:25:20,"alliance-38","Null",0,0,
"whmacken","Delete","assoc-100",473,"!*alliance-38","Delete",12/27/2022 11:25:20,"assoc-100","Null",0,0,
"whmacken","Delete","working-61",474,"!*assoc-100","Delete",12/27/2022 11:25:20,"working-61","Null",0,0,
"whmacken","Delete","CWH vh 1 /111",475,"!*working-61","Delete",12/27/2022 11:25:20,"CWH vh 1 /111","Null",0,0,
"whmacken","Delete","CWH vm 1 /114",476,"!*working-61","Delete",12/27/2022 11:25:20,"CWH vm 1 /114","Null",0,0,
"whmacken","Delete","alliance-42",477,"!*suborder-20","Delete",12/27/2022 11:25:21,"alliance-42","Null",0,0,
"whmacken","Delete","assoc-109",484,"!*alliance-42","Delete",12/27/2022 11:25:21,"assoc-109","Null",0,0,
"whmacken","Delete","working-72",485,"!*assoc-109","Delete",12/27/2022 11:25:21,"working-72","Null",0,0,
"whmacken","Delete","CWH vm 1 /112.1",486,"!*working-72","Delete",12/27/2022 11:25:21,"CWH vm 1 /112.1","Null",0,0,
"whmacken","Delete","CWH vm 3 /112.1",487,"!*working-72","Delete",12/27/2022 11:25:21,"CWH vm 3 /112.1","Null",0,0,
"whmacken","Delete","suborder-22",488,"!*order-7","Delete",12/27/2022 11:25:21,"suborder-22","Null",0,0,
"whmacken","Delete","alliance-45",489,"!*suborder-22","Delete",12/27/2022 11:25:21,"alliance-45","Null",0,0,
"whmacken","Delete","assoc-114",496,"!*alliance-45","Delete",12/27/2022 11:25:21,"assoc-114","Null",0,0,
"whmacken","Delete","working-82",497,"!*assoc-114","Delete",12/27/2022 11:25:21,"working-82","Null",0,0,
"whmacken","Delete","CWH vm 2 /112.1",498,"!*working-82","Delete",12/27/2022 11:25:21,"CWH vm 2 /112.1","Null",0,0,
"whmacken","Delete","assoc-116",499,"!*alliance-45","Delete",12/27/2022 11:25:21,"assoc-116","Null",0,0,
"whmacken","Delete","working-85",500,"!*assoc-116","Delete",12/27/2022 11:25:21,"working-85","Null",0,0,
"whmacken","Delete","CWH vm 2 /115",501,"!*working-85","Delete",12/27/2022 11:25:21,"CWH vm 2 /115","Null",0,0,
"whmacken","Delete","alliance-47",502,"!*suborder-22","Delete",12/27/2022 11:25:21,"alliance-47","Null",0,0,
"whmacken","Delete","assoc-117",503,"!*alliance-47","Delete",12/27/2022 11:25:21,"assoc-117","Null",0,0,
"whmacken","Delete","working-86",504,"!*assoc-117","Delete",12/27/2022 11:25:21,"working-86","Null",0,0,
"whmacken","Delete","CWH vm 2 /116",505,"!*working-86","Delete",12/27/2022 11:25:21,"CWH vm 2 /116","Null",0,0,
"whmacken","Delete","MH  mm 1 /114",506,"!*working-86","Delete",12/27/2022 11:25:21,"MH  mm 1 /114","Null",0,0,
"whmacken","Delete","alliance-51",507,"!*suborder-22","Delete",12/27/2022 11:25:21,"alliance-51","Null",0,0,
"whmacken","Delete","assoc-126",508,"!*alliance-51","Delete",12/27/2022 11:25:21,"assoc-126","Null",0,0,
"whmacken","Delete","working-96",509,"!*assoc-126","Delete",12/27/2022 11:25:21,"working-96","Null",0,0,
"whmacken","Delete","CWH vm 4 /114",510,"!*working-96","Delete",12/27/2022 11:25:21,"CWH vm 4 /114","Null",0,0,
"whmacken","Delete","CWH wm   /115.1",511,"!*working-96","Delete",12/27/2022 11:25:21,"CWH wm   /115.1","Null",0,0,
"whmacken","Delete","assoc-129",512,"!*alliance-51","Delete",12/27/2022 11:25:21,"assoc-129","Null",0,0,
"whmacken","Delete","working-99",513,"!*assoc-129","Delete",12/27/2022 11:25:21,"working-99","Null",0,0,
"whmacken","Delete","CWH wm   /111",514,"!*working-99","Delete",12/27/2022 11:25:21,"CWH wm   /111","Null",0,0,
"whmacken","Delete","order-8",515,"placed","Delete",12/27/2022 11:25:26,"order-8","Null",0,0,
"whmacken","Delete","suborder-12",516,"!*order-8","Delete",12/27/2022 11:25:26,"suborder-12","Null",0,0,
"whmacken","Delete","alliance-14",517,"!*suborder-12","Delete",12/27/2022 11:25:26,"alliance-14","Null",0,0,
"whmacken","Delete","assoc-58",518,"!*alliance-14","Delete",12/27/2022 11:25:26,"assoc-58","Null",0,0,
"whmacken","Delete","working-18",519,"!*assoc-58","Delete",12/27/2022 11:25:26,"working-18","Null",0,0,
"whmacken","Delete","CWH ds 1 /104",520,"!*working-18","Delete",12/27/2022 11:25:26,"CWH ds 1 /104","Null",0,0,
"whmacken","Delete","assoc-57",521,"!*alliance-14","Delete",12/27/2022 11:25:26,"assoc-57","Null",0,0,
"whmacken","Delete","working-17",522,"!*assoc-57","Delete",12/27/2022 11:25:26,"working-17","Null",0,0,
"whmacken","Delete","CWH ds 1 /103",523,"!*working-17","Delete",12/27/2022 11:25:26,"CWH ds 1 /103","Null",0,0,
"whmacken","Delete","suborder-11",524,"!*order-8","Delete",12/27/2022 11:25:26,"suborder-11","Null",0,0,
"whmacken","Delete","alliance-12",525,"!*suborder-11","Delete",12/27/2022 11:25:26,"alliance-12","Null",0,0,
"whmacken","Delete","assoc-53",526,"!*alliance-12","Delete",12/27/2022 11:25:26,"assoc-53","Null",0,0,
"whmacken","Delete","working-15",527,"!*assoc-53","Delete",12/27/2022 11:25:26,"working-15","Null",0,0,
"whmacken","Delete","CWH ds 1 /102.1",528,"!*working-15","Delete",12/27/2022 11:25:26,"CWH ds 1 /102.1","Null",0,0,
"whmacken","Delete","suborder-27",529,"!*order-8","Delete",12/27/2022 11:25:26,"suborder-27","Null",0,0,
"whmacken","Delete","alliance-62",530,"!*suborder-27","Delete",12/27/2022 11:25:26,"alliance-62","Null",0,0,
"whmacken","Delete","assoc-34",531,"!*alliance-62","Delete",12/27/2022 11:25:26,"assoc-34","Null",0,0,
"whmacken","Delete","working-130",532,"!*assoc-34","Delete",12/27/2022 11:25:26,"working-130","Null",0,0,
"whmacken","Delete","CWH xs   /101",533,"!*working-130","Delete",12/27/2022 11:25:27,"CWH xs   /101","Null",0,0,
"whmacken","Delete","assoc-36",534,"!*alliance-62","Delete",12/27/2022 11:25:27,"assoc-36","Null",0,0,
"whmacken","Delete","working-132",535,"!*assoc-36","Delete",12/27/2022 11:25:27,"working-132","Null",0,0,
"whmacken","Delete","CWH xs   /103",536,"!*working-132","Delete",12/27/2022 11:25:27,"CWH xs   /103","Null",0,0,
"whmacken","Delete","assoc-35",537,"!*alliance-62","Delete",12/27/2022 11:25:27,"assoc-35","Null",0,0,
"whmacken","Delete","working-131",538,"!*assoc-35","Delete",12/27/2022 11:25:27,"working-131","Null",0,0,
"whmacken","Delete","CWH xs   /101.1",539,"!*working-131","Delete",12/27/2022 11:25:27,"CWH xs   /101.1","Null",0,0,
"whmacken","Delete","order-9",540,"placed","Delete",12/27/2022 11:25:33,"order-9","Null",0,0,
"whmacken","Delete","suborder-23",541,"!*order-9","Delete",12/27/2022 11:25:33,"suborder-23","Null",0,0,
"whmacken","Delete","alliance-46",542,"!*suborder-23","Delete",12/27/2022 11:25:33,"alliance-46","Null",0,0,
"whmacken","Delete","assoc-45",543,"!*alliance-46","Delete",12/27/2022 11:25:33,"assoc-45","Null",0,0,
"whmacken","Delete","working-83",544,"!*assoc-45","Delete",12/27/2022 11:25:33,"working-83","Null",0,0,
"whmacken","Delete","CWH vm 2 /113",545,"!*working-83","Delete",12/27/2022 11:25:33,"CWH vm 2 /113","Null",0,0,
"whmacken","Delete","CWH vm 4 /113",546,"!*working-83","Delete",12/27/2022 11:25:33,"CWH vm 4 /113","Null",0,0,
"whmacken","Delete","MH  vh   /101",547,"!*working-83","Delete",12/27/2022 11:25:33,"MH  vh   /101","Null",0,0,
"whmacken","Delete","working-140",548,"!*assoc-45","Delete",12/27/2022 11:25:33,"working-140","Null",0,0,
"whmacken","Delete","MH  mm 1 /111",549,"!*working-140","Delete",12/27/2022 11:25:33,"MH  mm 1 /111","Null",0,0,
"whmacken","Delete","MH  vh   /111",550,"!*working-140","Delete",12/27/2022 11:25:33,"MH  vh   /111","Null",0,0,
"whmacken","Delete","assoc-115",551,"!*alliance-46","Delete",12/27/2022 11:25:33,"assoc-115","Null",0,0,
"whmacken","Delete","working-84",552,"!*assoc-115","Delete",12/27/2022 11:25:33,"working-84","Null",0,0,
"whmacken","Delete","CWH vm 2 /114",553,"!*working-84","Delete",12/27/2022 11:25:33,"CWH vm 2 /114","Null",0,0,
"whmacken","Delete","alliance-50",554,"!*suborder-23","Delete",12/27/2022 11:25:33,"alliance-50","Null",0,0,
"whmacken","Delete","assoc-124",555,"!*alliance-50","Delete",12/27/2022 11:25:33,"assoc-124","Null",0,0,
"whmacken","Delete","working-94",556,"!*assoc-124","Delete",12/27/2022 11:25:33,"working-94","Null",0,0,
"whmacken","Delete","CWH vm 4 /104",557,"!*working-94","Delete",12/27/2022 11:25:33,"CWH vm 4 /104","Null",0,0,
"whmacken","Delete","assoc-41",558,"!*alliance-50","Delete",12/27/2022 11:25:33,"assoc-41","Null",0,0,
"whmacken","Delete","working-137",559,"!*assoc-41","Delete",12/27/2022 11:25:33,"working-137","Null",0,0,
"whmacken","Delete","MH  mm 1 /104",560,"!*working-137","Delete",12/27/2022 11:25:33,"MH  mm 1 /104","Null",0,0,
"whmacken","Delete","MH  mm 1 /102",561,"!*working-137","Delete",12/27/2022 11:25:33,"MH  mm 1 /102","Null",0,0,
"whmacken","Delete","alliance-67",562,"!*suborder-23","Delete",12/27/2022 11:25:33,"alliance-67","Null",0,0,
"whmacken","Delete","assoc-47",563,"!*alliance-67","Delete",12/27/2022 11:25:33,"assoc-47","Null",0,0,
"whmacken","Delete","working-142",564,"!*assoc-47","Delete",12/27/2022 11:25:33,"working-142","Null",0,0,
"whmacken","Delete","MH  mm 1 /113",565,"!*working-142","Delete",12/27/2022 11:25:33,"MH  mm 1 /113","Null",0,0,
"whmacken","Delete","suborder-24",566,"!*order-9","Delete",12/27/2022 11:25:33,"suborder-24","Null",0,0,
"whmacken","Delete","alliance-48",567,"!*suborder-24","Delete",12/27/2022 11:25:33,"alliance-48","Null",0,0,
"whmacken","Delete","assoc-118",568,"!*alliance-48","Delete",12/27/2022 11:25:33,"assoc-118","Null",0,0,
"whmacken","Delete","working-87",569,"!*assoc-118","Delete",12/27/2022 11:25:33,"working-87","Null",0,0,
"whmacken","Delete","CWH vm 2 /W",570,"!*working-87","Delete",12/27/2022 11:25:33,"CWH vm 2 /W","Null",0,0,
"whmacken","Delete","assoc-123",571,"!*alliance-48","Delete",12/27/2022 11:25:33,"assoc-123","Null",0,0,
"whmacken","Delete","working-92",572,"!*assoc-123","Delete",12/27/2022 11:25:33,"working-92","Null",0,0,
"whmacken","Delete","CWH vm 4 /102",573,"!*working-92","Delete",12/27/2022 11:25:33,"CWH vm 4 /102","Null",0,0,
"whmacken","Delete","MH  vh   /102",574,"!*working-92","Delete",12/27/2022 11:25:33,"MH  vh   /102","Null",0,0,
"whmacken","Delete","assoc-42",575,"!*alliance-48","Delete",12/27/2022 11:25:33,"assoc-42","Null",0,0,
"whmacken","Delete","working-138",576,"!*assoc-42","Delete",12/27/2022 11:25:33,"working-138","Null",0,0,
"whmacken","Delete","MH  mm 1 /103",577,"!*working-138","Delete",12/27/2022 11:25:33,"MH  mm 1 /103","Null",0,0,
"whmacken","Delete","alliance-53",578,"!*suborder-24","Delete",12/27/2022 11:25:33,"alliance-53","Null",0,0,
"whmacken","Delete","assoc-128",579,"!*alliance-53","Delete",12/27/2022 11:25:33,"assoc-128","Null",0,0,
"whmacken","Delete","working-98",580,"!*assoc-128","Delete",12/27/2022 11:25:33,"working-98","Null",0,0,
"whmacken","Delete","CWH wm   /102",581,"!*working-98","Delete",12/27/2022 11:25:33,"CWH wm   /102","Null",0,0,
"whmacken","Delete","suborder-25",582,"!*order-9","Delete",12/27/2022 11:25:33,"suborder-25","Null",0,0,
"whmacken","Delete","alliance-58",583,"!*suborder-25","Delete",12/27/2022 11:25:33,"alliance-58","Null",0,0,
"whmacken","Delete","assoc-12",584,"!*alliance-58","Delete",12/27/2022 11:25:33,"assoc-12","Null",0,0,
"whmacken","Delete","working-109",585,"!*assoc-12","Delete",12/27/2022 11:25:33,"working-109","Null",0,0,
"whmacken","Delete","CWH ws 2 /102",586,"!*working-109","Delete",12/27/2022 11:25:33,"CWH ws 2 /102","Null",0,0,
"whmacken","Delete","alliance-68",587,"!*suborder-25","Delete",12/27/2022 11:25:33,"alliance-68","Null",0,0,
"whmacken","Delete","assoc-48",588,"!*alliance-68","Delete",12/27/2022 11:25:34,"assoc-48","Null",0,0,
"whmacken","Delete","working-143",589,"!*assoc-48","Delete",12/27/2022 11:25:34,"working-143","Null",0,0,
"whmacken","Delete","MH  mm 2 /102",590,"!*working-143","Delete",12/27/2022 11:25:34,"MH  mm 2 /102","Null",0,0,
"whmacken","Delete","MH  mm 2 /104",591,"!*working-143","Delete",12/27/2022 11:25:34,"MH  mm 2 /104","Null",0,0,
"whmacken","Delete","alliance-70",592,"!*suborder-25","Delete",12/27/2022 11:25:34,"alliance-70","Null",0,0,
"whmacken","Delete","assoc-51",593,"!*alliance-70","Delete",12/27/2022 11:25:34,"assoc-51","Null",0,0,
"whmacken","Delete","working-148",594,"!*assoc-51","Delete",12/27/2022 11:25:34,"working-148","Null",0,0,
"whmacken","Delete","MH  ms   /102",595,"!*working-148","Delete",12/27/2022 11:25:34,"MH  ms   /102","Null",0,0,
"whmacken","Delete","MH  ms   /104",596,"!*working-148","Delete",12/27/2022 11:25:34,"MH  ms   /104","Null",0,0,
"whmacken","Delete","assoc-52",597,"!*alliance-70","Delete",12/27/2022 11:25:34,"assoc-52","Null",0,0,
"whmacken","Delete","working-149",598,"!*assoc-52","Delete",12/27/2022 11:25:34,"working-149","Null",0,0,
"whmacken","Delete","MH  ms   /103",599,"!*working-149","Delete",12/27/2022 11:25:34,"MH  ms   /103","Null",0,0,
"whmacken","Delete","suborder-29",600,"!*order-9","Delete",12/27/2022 11:25:34,"suborder-29","Null",0,0,
"whmacken","Delete","suborder-30",624,"!*order-9","Delete",12/27/2022 11:25:34,"suborder-30","Null",0,0,
"whmacken","Delete","alliance-69",625,"!*suborder-30","Delete",12/27/2022 11:25:34,"alliance-69","Null",0,0,
"whmacken","Delete","assoc-54",629,"!*alliance-69","Delete",12/27/2022 11:25:34,"assoc-54","Null",0,0,
"whmacken","Delete","working-150",630,"!*assoc-54","Delete",12/27/2022 11:25:34,"working-150","Null",0,0,
"whmacken","Delete","MH  ms   /110",631,"!*working-150","Delete",12/27/2022 11:25:34,"MH  ms   /110","Null",0,0,
"whmacken","Delete","assoc-56",632,"!*alliance-69","Delete",12/27/2022 11:25:34,"assoc-56","Null",0,0,
"whmacken","Delete","working-152",633,"!*assoc-56","Delete",12/27/2022 11:25:34,"working-152","Null",0,0,
"whmacken","Delete","MH  ms   /112",634,"!*working-152","Delete",12/27/2022 11:25:34,"MH  ms   /112","Null",0,0,
"whmacken","Delete","assoc-55",635,"!*alliance-69","Delete",12/27/2022 11:25:34,"assoc-55","Null",0,0,
"whmacken","Delete","working-151",636,"!*assoc-55","Delete",12/27/2022 11:25:34,"working-151","Null",0,0,
"whmacken","Delete","MH  ms   /111",637,"!*working-151","Delete",12/27/2022 11:25:34,"MH  ms   /111","Null",0,0,
"whmacken","Drag","MH  mm 1 /101",604,,"Drag",12/27/2022 11:26:58,,"CLASS Hm",0,0,
"whmacken","Drag","MH  mm 2 /101",606,,"Drag",12/27/2022 11:27:00,,"CLASS Hm",0,0,
"whmacken","Delete","alliance-65",601,"CLASS Hm","Delete",12/27/2022 11:27:08,"alliance-65","Null",0,0,
"whmacken","Delete","assoc-40",602,"!*alliance-65","Delete",12/27/2022 11:27:08,"assoc-40","Null",0,0,
"whmacken","Delete","working-136",603,"!*assoc-40","Delete",12/27/2022 11:27:08,"working-136","Null",0,0,
"whmacken","Delete","MH  mm 1 /110",605,"!*working-136","Delete",12/27/2022 11:27:08,"MH  mm 1 /110","Null",0,0,
"whmacken","Delete","assoc-43",607,"!*alliance-65","Delete",12/27/2022 11:27:08,"assoc-43","Null",0,0,
"whmacken","Delete","working-139",608,"!*assoc-43","Delete",12/27/2022 11:27:08,"working-139","Null",0,0,
"whmacken","Delete","MH  mm 1 /105",609,"!*working-139","Delete",12/27/2022 11:27:08,"MH  mm 1 /105","Null",0,0,
"whmacken","Delete","MH  mm 2 /105",610,"!*working-139","Delete",12/27/2022 11:27:08,"MH  mm 2 /105","Null",0,0,
"whmacken","Delete","assoc-50",611,"!*alliance-65","Delete",12/27/2022 11:27:08,"assoc-50","Null",0,0,
"whmacken","Delete","working-145",612,"!*assoc-50","Delete",12/27/2022 11:27:08,"working-145","Null",0,0,
"whmacken","Delete","MH  mm 2 /111",613,"!*working-145","Delete",12/27/2022 11:27:08,"MH  mm 2 /111","Null",0,0,
"whmacken","Delete","alliance-66",614,"CLASS Hm","Delete",12/27/2022 11:27:16,"alliance-66","Null",0,0,
"whmacken","Delete","assoc-46",615,"!*alliance-66","Delete",12/27/2022 11:27:16,"assoc-46","Null",0,0,
"whmacken","Delete","working-141",616,"!*assoc-46","Delete",12/27/2022 11:27:16,"working-141","Null",0,0,
"whmacken","Delete","MH  mm 1 /112",617,"!*working-141","Delete",12/27/2022 11:27:16,"MH  mm 1 /112","Null",0,0,
"whmacken","Delete","MH  mm 2 /112",618,"!*working-141","Delete",12/27/2022 11:27:16,"MH  mm 2 /112","Null",0,0,
"whmacken","Delete","working-146",619,"!*assoc-46","Delete",12/27/2022 11:27:16,"working-146","Null",0,0,
"whmacken","Delete","MH  mm 2 /114",620,"!*working-146","Delete",12/27/2022 11:27:16,"MH  mm 2 /114","Null",0,0,
"whmacken","Delete","assoc-49",621,"!*alliance-66","Delete",12/27/2022 11:27:16,"assoc-49","Null",0,0,
"whmacken","Delete","working-144",622,"!*assoc-49","Delete",12/27/2022 11:27:16,"working-144","Null",0,0,
"whmacken","Delete","MH  mm 2 /110",623,"!*working-144","Delete",12/27/2022 11:27:16,"MH  mm 2 /110","Null",0,0,
"whmacken","New","CWH vm 1 /101",640,"CLASS HwCw","New",12/27/2022 11:27:47,"Null","CWH vm 1 /101",0,0,
"whmacken","Delete","CWH vm 1 /101",640,"CLASS HwCw","Delete",12/27/2022 11:27:57,"CWH vm 1 /101","Null",0,0,
"whmacken","New","CLASS Qg",29,,"New",12/27/2022 11:34:13,"Null","CLASS Qg",0,0,
"whmacken","Drag","CDF mm   /106",3,,"Drag",12/27/2022 11:34:20,,"CLASS Qg",0,0,
"whmacken","Drag","CDF mm   /103",2,,"Drag",12/27/2022 11:34:21,,"CLASS Qg",0,0,
"whmacken","New","CLASS HwCw",30,,"New",12/27/2022 11:34:32,"Null","CLASS HwCw",0,0,
"whmacken","Drag","CWH ds 1 /101.1",4,,"Drag",12/27/2022 11:34:40,,"CLASS HwCw",0,0,
"whmacken","Drag","CDF mm   /106",3,,"Drag",12/27/2022 11:34:42,,"CLASS HwCw",0,0,
"whmacken","Drag","CWH ds 2 /101",5,,"Drag",12/27/2022 11:34:44,,"CLASS HwCw",0,0,
"whmacken","Drag","CWH mm 1 /101",6,,"Drag",12/27/2022 11:34:46,,"CLASS HwCw",0,0,
"whmacken","New","CLASS Fdc",31,,"New",12/27/2022 11:34:57,"Null","CLASS Fdc",0,0,
"whmacken","Drag","CDF mm   /101",1,,"Drag",12/27/2022 11:35:01,,"CLASS Fdc",0,0,
"whmacken","Drag","CDF mm   /106",3,,"Drag",12/27/2022 11:35:04,,"CLASS Qg",0,0,
"whmacken","Drag","CWH mm 2 /101",7,,"Drag",12/27/2022 11:35:07,,"CLASS HwCw",0,0,
"whmacken","Drag","CWH ms 1 /101",8,,"Drag",12/27/2022 11:35:09,,"CLASS HwCw",0,0,
"whmacken","Drag","CWH ms 2 /101",9,,"Drag",12/27/2022 11:35:11,,"CLASS HwCw",0,0,
"whmacken","Drag","CWH ms 3 /101",10,,"Drag",12/27/2022 11:35:13,,"CLASS HwCw",0,0,
"whmacken","Drag","CWH ms 4 /101",11,,"Drag",12/27/2022 11:35:15,,"CLASS HwCw",0,0,
"whmacken","Drag","CWH vh 1 /101",12,,"Drag",12/27/2022 11:35:16,,"CLASS HwCw",0,0,
"whmacken","Drag","CWH vh 2 /101",13,,"Drag",12/27/2022 11:35:18,,"CLASS HwCw",0,0,
"whmacken","Drag","CWH vm 1 /101",14,,"Drag",12/27/2022 11:35:21,,"CLASS HwCw",0,0,
"whmacken","Drag","CWH vm 2 /101.1",15,,"Drag",12/27/2022 11:35:23,,"CLASS HwCw",0,0,
"whmacken","Drag","CWH vm 3 /101",16,,"Drag",12/27/2022 11:35:25,,"CLASS HwCw",0,0,
"whmacken","Drag","CWH vm 4 /101",17,,"Drag",12/27/2022 11:35:27,,"CLASS HwCw",0,0,
"whmacken","Drag","CWH wm   /101",18,,"Drag",12/27/2022 11:35:29,,"CLASS HwCw",0,0,
"whmacken","Drag","CWH ws 1 /101",19,,"Drag",12/27/2022 11:35:32,,"CLASS HwCw",0,0,
"whmacken","Drag","CWH ws 2 /101",20,,"Drag",12/27/2022 11:35:35,,"CLASS HwCw",0,0,
"whmacken","Drag","CWH xm 1 /101",21,,"Drag",12/27/2022 11:35:36,,"CLASS HwCw",0,0,
"whmacken","Drag","CWH xm 2 /101",22,,"Drag",12/27/2022 11:35:39,,"CLASS HwCw",0,0,
"whmacken","Drag","CWH xm 3 /101",23,,"Drag",12/27/2022 11:35:41,,"CLASS HwCw",0,0,
"whmacken","Drag","CWH xs   /101",24,,"Drag",12/27/2022 11:35:43,,"CLASS HwCw",0,0,
"whmacken","New","CLASS Hm",32,,"New",12/27/2022 11:35:52,"Null","CLASS Hm",0,0,
"whmacken","Drag","MH  mm 1 /101",25,,"Drag",12/27/2022 11:35:59,,"CLASS Hm",0,0,
"whmacken","Drag","MH  mm 2 /101",26,,"Drag",12/27/2022 11:36:01,,"CLASS Hm",0,0,
"whmacken","Drag","MH  ms   /101",27,,"Drag",12/27/2022 11:36:02,,"CLASS Hm",0,0,
"whmacken","Drag","MH  vh   /101",28,,"Drag",12/27/2022 11:36:04,,"CLASS Hm",0,0,
"whmacken","Drag","CDF mm   /102",33,,"Drag",12/27/2022 11:52:18,,"CLASS Fdc",0,0,
"whmacken","Drag","CDF mm   /104",34,,"Drag",12/27/2022 11:52:21,,"CLASS Fdc",0,0,
"whmacken","Drag","CDF mm   /105",35,,"Drag",12/27/2022 11:52:23,,"CLASS Fdc",0,0,
"whmacken","Drag","CDF mm   /111",37,,"Drag",12/27/2022 11:52:26,,"CLASS HwCw",0,0,
"whmacken","Drag","CDF mm   /110",36,,"Drag",12/27/2022 11:52:40,,"CLASS Fdc",0,0,
"whmacken","Drag","CDF mm   /112",38,,"Drag",12/27/2022 11:52:45,,"CLASS Fdc",0,0,
"whmacken","New","CLASS Dr",44,,"New",12/27/2022 11:52:55,"Null","CLASS Dr",0,0,
"whmacken","Drag","CDF mm   /113",39,,"Drag",12/27/2022 11:53:01,,"CLASS Dr",0,0,
"whmacken","New","CLASS Plc",45,,"New",12/27/2022 11:53:15,"Null","CLASS Plc",0,0,
"whmacken","Drag","CDF mm   /114",40,,"Drag",12/27/2022 11:53:23,,"CLASS Plc",0,0,
"whmacken","New","CLASS Act",46,,"New",12/27/2022 11:53:50,"Null","CLASS Act",0,0,
"whmacken","Drag","CDF mm   /115",41,,"Drag",12/27/2022 11:54:07,,"CLASS Act",0,0,
"whmacken","Drag","CDF mm   /113",39,,"Drag",12/27/2022 11:54:34,,"CDF mm   /115",0,0,
"whmacken","Change","CLASS ActDr",46,,"Name",12/27/2022 11:54:40,"CLASS Act","CLASS ActDr",0,0,
"whmacken","Drag","CDF mm   /113",39,,"Drag",12/27/2022 11:54:41,,"CLASS ActDr",0,0,
"whmacken","Drag","CDF mm   /116",42,,"Drag",12/27/2022 11:54:46,,"CLASS ActDr",0,0,
"whmacken","Drag","CDF mm   /117",43,,"Drag",12/27/2022 11:55:05,,"CLASS HwCw",0,0,
"whmacken","Drag","CWH vh 2 /102",47,,"Drag",12/27/2022 11:57:52,,"CLASS HwCw",0,0,
"whmacken","Drag","CWH vh 2 /103.1",48,,"Drag",12/27/2022 11:57:56,,"CLASS HwCw",0,0,
"whmacken","Drag","CWH vh 2 /103.2",49,,"Drag",12/27/2022 11:57:59,,"CLASS HwCw",0,0,
"whmacken","Drag","CWH vh 2 /104",50,,"Drag",12/27/2022 11:58:02,,"CLASS HwCw",0,0,
"whmacken","Drag","CWH vh 2 /105",51,,"Drag",12/27/2022 11:58:05,,"CLASS HwCw",0,0,
"whmacken","Drag","CWH vh 2 /106",52,,"Drag",12/27/2022 11:58:07,,"CLASS HwCw",0,0,
"whmacken","Drag","CWH vh 2 /110",53,,"Drag",12/27/2022 11:58:11,,"CLASS HwCw",0,0,
"whmacken","Drag","CWH vh 2 /111",54,,"Drag",12/27/2022 11:58:14,,"CLASS HwCw",0,0,
"whmacken","Drag","CWH vh 2 /112",55,,"Drag",12/27/2022 11:58:18,,"CLASS HwCw",0,0,
"whmacken","Drag","CWH vh 2 /113",56,,"Drag",12/27/2022 11:58:20,,"CLASS HwCw",0,0,
"whmacken","Drag","CWH vh 2 /114",57,,"Drag",12/27/2022 11:58:23,,"CLASS HwCw",0,0,
"whmacken","Drag","CWH vh 2 /115",58,,"Drag",12/27/2022 11:58:27,,"CLASS HwCw",0,0,
"whmacken","Delete","CLASS Dr",44,,"Delete",12/27/2022 11:58:34,"CLASS Dr","Null",0,0,
"whmacken","Drag","CLASS Qg",29,,"Drag",12/27/2022 12:08:04,,"CLASS Fdc",0,0,
"whmacken","Drag","CLASS Qg",29,,"Drag",12/27/2022 12:08:07,"CLASS Fdc",,0,0,
"whmacken","Drag","CWH xm 2 /102.1",59,,"Drag",12/27/2022 12:08:09,,"CLASS Fdc",0,0,
"whmacken","Drag","CWH xm 2 /102.2",60,,"Drag",12/27/2022 12:08:12,,"CLASS Fdc",0,0,
"whmacken","Drag","CWH xm 2 /115",62,,"Drag",12/27/2022 12:09:35,,"CLASS Plc",0,0,
"whmacken","Drag","CWH xm 2 /116",63,,"Drag",12/27/2022 12:09:50,,"CLASS HwCw",0,0,
"whmacken","Drag","CWH xm 2 /114",61,,"Drag",12/27/2022 12:09:59,,"CLASS ActDr",0,0,
"whmacken","Drag","CWH xm 2 /Fl",64,,"Drag",12/27/2022 12:10:25,,"CLASS ActDr",0,0,
"whmacken","New","Forested",65,,"New",12/27/2022 12:20:52,"Null","Forested",0,0,
"whmacken","Drag","CLASS Qg",29,,"Drag",12/27/2022 12:20:59,,"Forested",0,0,
"whmacken","Drag","CLASS Plc",45,,"Drag",12/27/2022 12:21:01,,"Forested",0,0,
"whmacken","Drag","CLASS HwCw",30,,"Drag",12/27/2022 12:21:02,,"Forested",0,0,
"whmacken","Drag","CLASS Hm",32,,"Drag",12/27/2022 12:21:03,,"Forested",0,0,
"whmacken","Drag","CLASS Fdc",31,,"Drag",12/27/2022 12:21:04,,"Forested",0,0,
"whmacken","Drag","CLASS ActDr",46,,"Drag",12/27/2022 12:21:05,,"Forested",0,0,
"whmacken","Drag","CDF mm   /101",1,,"Drag",12/27/2022 12:22:45,"CLASS Fdc",,0,0,
"whmacken","Drag","CDF mm   /101",1,,"Drag",12/27/2022 12:22:47,,"CLASS Fdc",0,0,
"whmacken","Change","Forested",65,,"Level",12/27/2022 12:24:24,"10","1",0,0,
"whmacken","Change","CLASS Qg",29,"Forested","Level",12/27/2022 12:24:33,"10","2",0,0,
"whmacken","Change","CLASS HwCw",30,"Forested","Level",12/27/2022 12:24:42,"10","2",0,0,
"whmacken","Change","CLASS Fdc",31,"Forested","Level",12/27/2022 12:24:49,"10","2",0,0,
"whmacken","Change","CLASS Hm",32,"Forested","Level",12/27/2022 12:24:54,"10","2",0,0,
"whmacken","Change","CLASS Plc",45,"Forested","Level",12/27/2022 12:25:02,"10","2",0,0,
"whmacken","Change","CLASS ActDr",46,"Forested","Level",12/27/2022 12:25:08,"10","2",0,0,
"whmacken","New","NonForested",66,,"New",12/27/2022 12:46:53,"Null","NonForested",0,0,
"whmacken","New","Class NULL",67,"NonForested","New",12/27/2022 12:47:06,"Null","Class NULL",0,0,
"whmacken","New","Order NULL",68,"Class NULL","New",12/27/2022 12:47:30,"Null","Order NULL",0,0,
"whmacken","New","Suborder NULL",69,"Order NULL","New",12/27/2022 12:47:48,"Null","Suborder NULL",0,0,
"whmacken","New","Alliance NULL",70,"Suborder NULL","New",12/27/2022 12:48:22,"Null","Alliance NULL",0,0,
"whmacken","New","Suballiance",71,"Alliance NULL","New",12/27/2022 12:48:31,"Null","Suballiance",0,0,
"whmacken","New","Assoc",72,"Suballiance","New",12/27/2022 12:48:43,"Null","Assoc",0,0,
"whmacken","New","Subass",73,"Assoc","New",12/27/2022 12:48:54,"Null","Subass",0,0,
"whmacken","Change","unplaced",66,,"Level",12/27/2022 14:08:53,"10","1",0,0,
"whmacken","Drag","CDF mm   /110",36,,"Drag",12/27/2022 14:51:14,,"CLASS HwCw",0,0,
"whmacken","Drag","CDF mm   /112",38,,"Drag",12/27/2022 14:51:18,,"CLASS HwCw",0,0,
"whmacken","Drag","CWH ds 1 /102.2",76,,"Drag",12/27/2022 14:51:52,"unplaced",,0,0,
"whmacken","Drag","CWH ms 1 /102",109,,"Drag",12/27/2022 14:52:04,"unplaced",,0,0,
"whmacken","Drag","CWH ms 1 /102",109,,"Drag",12/27/2022 14:52:16,,"CLASS HwCw",0,0,
"whmacken","Drag","CWH ds 1 /102.2",76,,"Drag",12/27/2022 14:52:22,,"CLASS HwCw",0,0,
"whmacken","Drag","CDF mm   /112",38,,"Drag",12/27/2022 14:52:45,"CLASS HwCw",,0,0,
"whmacken","Drag","CDF mm   /110",36,,"Drag",12/27/2022 14:52:47,"CLASS HwCw",,0,0,
"whmacken","Drag","CDF mm   /112",38,,"Drag",12/27/2022 14:53:06,,"CLASS Fdc",0,0,
"whmacken","Drag","CDF mm   /110",36,,"Drag",12/27/2022 14:53:09,,"CLASS Fdc",0,0,
"whmacken","Drag","CWH ds 1 /103",77,,"Drag",12/27/2022 14:58:12,"unplaced",,0,0,
"whmacken","Drag","CWH ds 1 /103",77,,"Drag",12/27/2022 15:00:41,,"CLASS Fdc",0,0,
"whmacken","Drag","CWH mm 1 /113",96,,"Drag",12/27/2022 15:00:51,"unplaced",,0,0,
"whmacken","Drag","MH  mm 1 /113",286,,"Drag",12/27/2022 15:01:20,"unplaced",,0,0,
"whmacken","Drag","MH  mm 2 /113",294,,"Drag",12/27/2022 15:01:21,"unplaced",,0,0,
"whmacken","Drag","MH  ms   /102.1",297,,"Drag",12/27/2022 15:01:30,"unplaced",,0,0,
"whmacken","New","CLASS Bl",306,"Forested","New",12/27/2022 15:01:54,"Null","CLASS Bl",0,0,
"whmacken","Drag","MH  ms   /110",300,,"Drag",12/27/2022 15:02:10,"unplaced",,0,0,
"whmacken","Drag","CWH ws 2 /111",235,,"Drag",12/27/2022 15:02:32,"unplaced",,0,0,
"whmacken","Drag","CWH ws 2 /111",235,,"Drag",12/27/2022 15:02:55,,"CLASS Bl",0,0,
"whmacken","Drag","MH  ms   /110",300,,"Drag",12/27/2022 15:03:04,,"CLASS Bl",0,0,
"whmacken","Drag","MH  mm 1 /113",286,,"Drag",12/27/2022 15:03:29,,"CLASS Hm",0,0,
"whmacken","Change","CLASS Bl",306,"Forested","Level",12/27/2022 15:03:43,"10","2",0,0,
"whmacken","Drag","MH  mm 2 /113",294,,"Drag",12/27/2022 15:03:59,,"CLASS Hm",0,0,
"whmacken","Drag","MH  ms   /102.1",297,,"Drag",12/27/2022 15:04:06,,"CLASS Hm",0,0,
"whmacken","Drag","CWH mm 1 /113",96,,"Drag",12/27/2022 15:04:41,,"CLASS HwCw",0,0,
"whmacken","Drag","CWH xs   /102",272,,"Drag",12/27/2022 15:05:53,"unplaced",,0,0,
"whmacken","Drag","CWH xm 1 /104",243,,"Drag",12/27/2022 15:07:16,"unplaced",,0,0,
"whmacken","Drag","CWH xs   /102",272,,"Drag",12/27/2022 15:07:31,,"CLASS Fdc",0,0,
"whmacken","Drag","CWH xm 1 /104",243,,"Drag",12/27/2022 15:07:33,,"CLASS Fdc",0,0,
"whmacken","Drag","CWH xm 3 /Fl",270,,"Drag",12/27/2022 15:08:17,"unplaced",,0,0,
"whmacken","Drag","CWH xs   /Fl",277,,"Drag",12/27/2022 15:08:33,"unplaced",,0,0,
"whmacken","Drag","CWH ds 2 /112",89,,"Drag",12/27/2022 15:08:54,"unplaced",,0,0,
"whmacken","Drag","CWH mm 1 /114",97,,"Drag",12/27/2022 15:09:05,"unplaced",,0,0,
"whmacken","Drag","CWH ds 1 /Fm",84,,"Drag",12/27/2022 15:09:16,"unplaced",,0,0,
"whmacken","Drag","CWH xs   /Fm",278,,"Drag",12/27/2022 15:09:26,"unplaced",,0,0,
"whmacken","Drag","CWH xs   /Fm",278,,"Drag",12/27/2022 15:09:38,,"CLASS ActDr",0,0,
"whmacken","Drag","CWH xs   /Fl",277,,"Drag",12/27/2022 15:09:40,,"CLASS ActDr",0,0,
"whmacken","Drag","CWH xm 3 /Fl",270,,"Drag",12/27/2022 15:09:42,,"CLASS ActDr",0,0,
"whmacken","Drag","CWH mm 1 /114",97,,"Drag",12/27/2022 15:09:44,,"CLASS ActDr",0,0,
"whmacken","Drag","CWH ds 2 /112",89,,"Drag",12/27/2022 15:09:46,,"CLASS ActDr",0,0,
"whmacken","Drag","CWH ds 1 /Fm",84,,"Drag",12/27/2022 15:09:48,,"CLASS ActDr",0,0,
"whmacken","Drag","CWH mm 2 /111",103,,"Drag",12/27/2022 15:22:06,"unplaced",,0,0,
"whmacken","Drag","CWH mm 2 /111",103,,"Drag",12/27/2022 15:22:12,,"CLASS HwCw",0,0,
"whmacken","Drag","CWH ds 2 /113",90,,"Drag",12/27/2022 15:22:43,"unplaced",,0,0,
"whmacken","Drag","CWH mm 2 /Ws55",108,,"Drag",12/27/2022 15:24:00,"unplaced",,0,0,
"whmacken","Drag","CWH wm   /101.2",2,,"Drag",1/31/2023 15:23:48,,"117680",0,0,
"whmacken","Drag","CWH wm   /101.2",2,,"Drag",1/31/2023 15:24:15,"117680",,0,0,
