"SpeciesNumber","Code","ScientificName","CodePlusStrata","CodePlusLayer","Temp"
1,,"ABIE_RKA","ABIE_RKA",,
2,,"ABIE_RKB","ABIE_RKB",,
3,,"Abies grandis A","ABIEGRAA",,
4,,"Abies amabilis A","ABIESPPA",,
5,,"Abies lasiocarpa B","ABIESPPB",,
6,,"Abies lasiocarpa D","ABIESPPD",,
7,,"Acer glabrum var. douglasii A","ACERGLAA",,
8,,"Achillea millefolium C","ACHIMILC",,
9,,"Aconitum delphiniifolium C","ACONDELC",,
10,,"Actaea rubra C","ACTARUBC",,
11,,"Alnus alnobetula A","ALNUALNA",,
12,,"Alnus alnobetula B","ALNUALNB",,
13,,"Alnus incana A","ALNUINCA",,
14,,"Alnus incana B","ALNUINCB",,
15,,"Amblystegium serpens var. juratzkanum D","AMBLSERD",,
16,,"Amelanchier alnifolia B","AMELALNB",,
17,,"Anemone multifida C","ANEMMULC",,
18,,"Anemone parviflora C","ANEMPARC",,
19,,"Anemonastrum richardsonii C","ANEMRICC",,
20,,"Angelica genuflexa C","ANGEGENC",,
21,,"Aralia nudicaulis C","ARALNUDC",,
22,,"Arctagrostis latifolia C","ARCTLATC",,
23,,"Arctous rubra C","ARCTRBRC",,
24,,"Arnica cordifolia C","ARNICORC",,
25,,"Arnica latifolia C","ARNILATC",,
26,,"Artemisia spp. C","ARTEMISC",,
27,,"Artemisia tilesii C","ARTETILC",,
28,,"Aster spp. C","ASTERC",,
29,,"Astragalus spp. C","ASTRAGAC",,
30,,"Astragalus alpinus C","AstralpC",,
31,,"Astragalus americanus C","ASTRAMEC",,
32,,"Athyrium filix-femina C","ATHYFILC",,
33,,"Aulacomnium palustre D","AULAPALD",,
34,,"Barbilophozia spp. D","BARBILOD",,
35,,"Barbilophozia lycopodioides D","BARBLYCD",,
36,,"Betula nana B","BETUNANB",,
37,,"Betula neoalaskana B","BETUNEOB",,
38,,"Betula occidentalis B","BETUOCCB",,
39,,"Betula papyrifera A","BETUPAPA",,
40,,"Betula papyrifera B","BETUPAPB",,
41,,"Bistorta vivipara C","BISTVIVC",,
42,,"Blepharostoma trichophyllum D","BLEPTRID",,
43,,"Brachythecium spp. D","BRACHYTD",,
44,,"Brachythecium oedipodium D","BRACOEDD",,
45,,"Brachythecium reflexum D","BRACREFD",,
46,,"Brachythecium salebrosum D","BRACSALD",,
47,,"Bryum spp. D","BRYUMD",,
48,,"Buckiella undulata D","BUCKUNDD",,
49,,"Calamagrostis canadensis C","CALACANC",,
50,,"Calamagrostis spp. C","CALAMAGC",,
51,,"Calamagrostis nutkaensis C","CALANUTC",,
52,,"Calamagrostis purpurascens C","CALAPURC",,
53,,"Calamagrostis stricta C","CALASTRC",,
54,,"Caltha biflora C","CALTBIFC",,
55,,"Caltha leptosepala C","CALTLEPC",,
56,,"CAMPCHYD","CAMPCHYD",,
57,,"Campylium hispidulum D","CAMPHIPD",,
58,,"Canadanthus modestus C","CANAMODC",,
59,,"Carex aquatilis C","CAREAQUC",,
60,,"Carex brunnescens C","CAREBRUC",,
61,,"Carex concinnoides C","CARECOCC",,
62,,"Carex concinna C","CARECOIC",,
63,,"Carex deweyana C","CAREDEWC",,
64,,"Carex disperma C","CAREDISC",,
65,,"Carex nigricans C","CARENIGC",,
66,,"Carex obnupta C","CAREOBNC",,
67,,"Carex stylosa C","CARESTYC",,
68,,"Carex trisperma C","CARETRSC",,
69,,"Carex spp. C","CAREXC",,
70,,"Cassiope spp. C","CASSIOPC",,
71,,"Cassiope mertensiana C","CASSMERC",,
72,,"Ceratodon purpureus D","CerapurD",,
73,,"Chamaenerion angustifolium C","CHAMANGC",,
74,,"Cicuta douglasii C","CICUDOUC",,
75,,"Cinclidium stygium D","CINCSTYD",,
76,,"Cinna latifolia C","CINNLATC",,
77,,"Circaea alpina C","CIRCALPC",,
78,,"Cladina arbuscula D","CladarbD",,
79,,"Cladonia bellidiflora D","CLADBELD",,
80,,"Cladonia carneola D","CLADCAND",,
81,,"Cladonia chlorophaea D","CLADCHLD",,
82,,"Cladonia deformis D","CLADDEFD",,
83,,"Cladonia fimbriata D","CLADFIMD",,
84,,"Cladonia gracilis D","CLADGRAD",,
85,,"Cladina spp. D","CLADINAD",,
86,,"Cladina mitis D","CLADMITD",,
87,,"Cladonia spp. B","CLADONIB",,
88,,"Cladonia spp. D","CLADONID",,
89,,"Cladonia pyxidata D","CLADPYXD",,
90,,"Cladina rangiferina D","CLADRAND",,
91,,"Cladonia uncialis D","CladuncD",,
92,,"Climacium dendroides D","CLIMDEND",,
93,,"Conocephalum salebrosum D","CONOSALD",,
94,,"Coptis aspleniifolia C","COPTASPC",,
95,,"Coptidium lapponicum C","COPTLAPC",,
96,,"Corallorhiza trifida C","CORATRIC",,
97,,"Cornus canadensis C","CORNCANC",,
98,,"Cornus sericea B","CORNSERB",,
99,,"Cypripedium spp. C","CYPRIPEC",,
100,,"Delphinium glaucum C","DELPGLAC",,
101,,"Dendrolycopodium dendroideum C","DENDDENC",,
102,,"Dicranum acutifolium D","DICRACUD",,
103,,"Dicranum spp. D","DICRANUD",,
104,,"Dicranum brevifolium D","DICRBRED",,
105,,"Dicranum fuscescens D","DICRFUSD",,
106,,"Dicranum pallidisetum D","DICRPAID",,
107,,"Dicranum polysetum D","DICRPOLD",,
108,,"Dicranum scoparium D","DICRSCOD",,
109,,"Distichium capillaceum D","DISTCAPD",,
110,,"Ditrichum heteromallum D","DITRHETD",,
111,,"Draba cinerea C","DrabcinC",,
112,,"Draba nivalis C","DrabnivC",,
113,,"Drepanocladus aduncus D","DREPADUD",,
114,,"Drepanocladus spp. D","DREPANOD",,
115,,"Dryas integrifolia C","DryaintC",,
116,,"Dryopteris expansa C","DRYOEXPC",,
117,,"Elymus alaskanus C","ELYMALAC",,
118,,"Elymus spp. C","ELYMUSC",,
119,,"Empetrum nigrum C","EMPENIGC",,
120,,"Epilobium ciliatum C","EPILCILC",,
121,,"Epilobium minutum C","EPILMINC",,
122,,"Epilobium spp. C","EPILSPPC",,
123,,"Equisetum arvense C","EQUIARVC",,
124,,"Equisetum pratense C","EQUIPRAC",,
125,,"Equisetum scirpoides C","EQUISCIC",,
126,,"Equisetum sylvaticum C","EQUISYLC",,
127,,"Eriophorum angustifolium C","ERIOANGC",,
128,,"Eurhynchium praelongum D","EURHPRAD",,
129,,"Eurhynchium pulchellum D","EURHPULD",,
130,,"Eurybia conspicua C","EURYCONC",,
131,,"Eurybia sibirica C","EURYSIBC",,
132,,"Flavocetraria nivalis D","FLAVNIVD",,
133,,"Fragaria virginiana C","FRAGVIRC",,
134,,"Galium boreale C","GALIBORC",,
135,,"Galium trifidum C","GALITRDC",,
136,,"Galium triflorum C","GALITRFC",,
137,,"Gaultheria humifusa C","GAULHUMC",,
138,,"Gaultheria shallon B","GAULSHAB",,
139,,"Gentiana douglasiana C","GENTDOUC",,
140,,"Gentiana prostrata C","GENTPRSC",,
141,,"Geocaulon lividum C","GEOCLIVC",,
142,,"Geranium richardsonii C","GERARICC",,
143,,"Geum macrophyllum C","GEUMMACC",,
144,,"Glyceria striata C","GLYCSTRC",,
145,,"Goodyera repens C","GOODREPC",,
146,,"Gymnocarpium dryopteris C","GYMNDRYC",,
147,,"Harrimanella stelleriana C","HARRSTEC",,
148,,"Hedysarum alpinum C","HEDYALPC",,
149,,"Heracleum maximum C","HERAMAXC",,
150,,"Huperzia continentalis C","HUPECONC",,
151,,"Hylocomium splendens D","HYLOSPLD",,
152,,"Hypnum lindbergii D","HYPNLIND",,
153,,"Hypnum pratense D","HYPNPRAD",,
154,,"Icmadophila ericetorum D","ICMAERID",,
155,,"Juniperus communis B","JUNICOMB",,
156,,"Kalmia microphylla C","KALMMICC",,
157,,"Larix laricina A","LARILARA",,
158,,"Lathyrus nevadensis C","LATHNEVC",,
159,,"Lathyrus ochroleucus C","LATHOCHC",,
160,,"Lepidozia reptans D","LEPIREPD",,
161,,"Leptarrhena pyrolifolia D","LEPTPYRD",,
162,,"Leymus innovatus C","LEYMINNC",,
163,,"Ligusticum calderi C","LIGUCALC",,
164,,"Ligusticum spp. C","LIGUSTIC",,
165,,"Linnaea borealis C","LINNBORC",,
166,,"Lobaria linita D","LOBALIND",,
167,,"Lobaria spp. D","LOBARIAD",,
168,,"Lonicera spp. B","LONICERB",,
169,,"Lonicera dioica B","LONIDIOB",,
170,,"Lonicera involucrata B","LONIINVB",,
171,,"Luetkea pectinata C","LUETPECC",,
172,,"Luzula spp. C","LUZULAC",,
173,,"Luzula parviflora C","LUZUPARC",,
174,,"Lycopodium annotinum C","LYCOANNC",,
175,,"Lycopodium clavatum C","LYCOCLAC",,
176,,"Lycopodiella spp. C","LYCOPOEC",,
177,,"Lysichiton americanus C","LYSIAMEC",,
178,,"Lysimachia latifolia C","LYSILATC",,
179,,"Maianthemum canadense C","MAIACANC",,
180,,"Maianthemum racemosum C","MAIARACC",,
181,,"Maianthemum stellatum C","MAIASTEC",,
182,,"Maianthemum trifolium C","MAIATRIC",,
183,,"Marchantia polymorpha D","MARCPOLD",,
184,,"Matteuccia struthiopteris C","MATTSTRC",,
185,,"Menziesia ferruginea B","MENZFERB",,
186,,"Mertensia paniculata C","MERTPANC",,
187,,"Microseris borealis C","MICRBORC",,
188,,"Mitella spp. C","MITELLAC",,
189,,"Mitella nuda C","MITENUDC",,
190,,"Mnium marginatum D","MNIUMARD",,
191,,"Mnium spp. D","MNIUMD",,
192,,"Mnium spinulosum D","MNIUSPND",,
193,,"Moehringia lateriflora C","MOEHLATC",,
194,,"Moneses uniflora C","MONEUNIC",,
195,,"Mylia taylorii D","MYLITAYD",,
196,,"Myurella julacea D","MYURJULD",,
197,,"Neottia banksiana C","NEOTBANC",,
198,,"Neottia borealis C","NEOTBORC",,
199,,"Neottia cordata C","NEOTCORC",,
200,,"Nephrophyllidium crista-galli C","NEPHCRIC",,
201,,"Nephroma helveticum D","NEPHHELD",,
202,,"Oplopanax horridus B","OPLOHORB",,
203,,"Orthilia secunda C","ORTHSECC",,
204,,"Osmorhiza berteroi C","OSMOBERC",,
205,,"Osmorhiza depauperata C","OSMODEPC",,
206,,"Osmorhiza spp. C","OSMORHIC",,
207,,"Oxytropis maydelliana C","OxytmayC",,
208,,"Oxytropis nigrescens C","OxytnigC",,
209,,"Parnassia palustris C","PARNPALC",,
210,,"Pedicularis labradorica C","PEDILABC",,
211,,"Pedicularis ornithorhyncha C","PEDIORNC",,
212,,"Pellia spp. D","PELLIAD",,
213,,"Pellia neesiana D","PELLNEED",,
214,,"Peltigera aphthosa D","PELTAPHD",,
215,,"Peltigera canina D","PELTCAND",,
216,,"Peltigera cinnamomea D","PELTCIND",,
217,,"Peltigera didactyla D","PELTDIDD",,
218,,"Peltigera horizontalis D","PELTHORD",,
219,,"Peltigera spp. D","PELTIGED",,
220,,"Peltigera malacea D","PELTMALD",,
221,,"Peltigera membranacea D","PELTMEMD",,
222,,"Petasites frigidus var. palmatus C","PETAFRIC",,
223,,"Phyllodoce empetriformis C","PHYLEMPC",,
224,,"Phyllodoce glanduliflora C","PHYLGLAC",,
225,,"Picea glauca A","PiceSppA",,
226,,"Picea glauca B","PiceSppB",,
227,,"Pinus contorta A","PINUSPPA",,
228,,"Pinus contorta B","PINUSPPB",,
229,,"Pinus contorta D","PINUSPPD",,
230,,"Plagiomnium ciliare D","PLAGCILD",,
231,,"Plagiomnium cuspidatum D","PLAGCUSD",,
232,,"Plagiomnium drummondii D","PLAGDRUD",,
233,,"Plagiomnium ellipticum D","PLAGELLD",,
234,,"Plagiomnium insigne D","PLAGINSD",,
235,,"Plagiothecium spp. D","PLAGIOTD",,
236,,"Plagiomnium medium D","PLAGMEDD",,
237,,"Plagiomnium rostratum D","PLAGROSD",,
238,,"Platanthera spp. C","PLATANTC",,
239,,"Platanthera dilatata C","PLATDILC",,
240,,"Platydictya jungermannioides D","PLATJUND",,
241,,"Platanthera obtusata C","PLATOBTC",,
242,,"Pleurozium schreberi D","PLEUSCHD",,
243,,"Poa glauca C","POA_GLAC",,
244,,"Poa palustris C","POA_PALC",,
245,,"Pogonatum spp. D","POGONATD",,
246,,"Pohlia nutans D","POHLNUTD",,
247,,"Polemonium acutiflorum C","POLEACUC",,
248,,"Polytrichastrum alpinum var. alpinum D","POLYALID",,
249,,"Polytrichum commune D","POLYCOMD",,
250,,"Polytrichum strictum D","POLYSTRD",,
251,,"Populus balsamifera A","POPUBALA",,
252,,"Populus balsamifera B","POPUBALB",,
253,,"Populus tremuloides A","POPUTREA",,
254,,"Populus tremuloides B","POPUTREB",,
255,,"Populus trichocarpa A","POPUTRIA",,
256,,"Populus trichocarpa B","POPUTRIB",,
257,,"Ptilium crista-castrensis D","PTILCRID",,
258,,"Pyrola asarifolia C","PYROASAC",,
259,,"Pyrola chlorantha C","PYROCHLC",,
260,,"Pyrola grandiflora C","PYROGRAC",,
261,,"Pyrola minor C","PYROMINC",,
262,,"Racomitrium lanuginosum D","RACOLAND",,
263,,"Ranunculus acris C","RANUACRC",,
264,,"Ranunculus spp. C","RANUNCUC",,
265,,"Rhizomnium glabrescens D","RHIZGLBD",,
266,,"Rhizomnium pseudopunctatum D","RHIZPSED",,
267,,"Rhizomnium punctatum D","RHIZPUND",,
268,,"Rhododendron groenlandicum B","RHODGROB",,
269,,"Rhytidiadelphus loreus D","RHYTLORD",,
270,,"Rhytidiopsis robusta D","RHYTROBD",,
271,,"Rhytidiadelphus triquetrus D","RHYTTRID",,
272,,"Ribes bracteosum B","RIBEBRAB",,
273,,"Ribes glandulosum B","RIBEGLAB",,
274,,"Ribes hudsonianum B","RIBEHUDB",,
275,,"Ribes lacustre B","RIBELACB",,
276,,"Ribes laxiflorum B","RIBELAXB",,
277,,"Ribes oxyacanthoides B","RIBEOXYB",,
278,,"Ribes spp. B","RIBESB",,
279,,"Ribes triste B","RIBETRIB",,
280,,"Rosa acicularis B","ROSAACIB",,
281,,"Rubus arcticus C","RUBUARCC",,
282,,"Rubus chamaemorus C","RUBUCHAC",,
283,,"Rubus idaeus B","RUBUIDAB",,
284,,"Rubus parviflorus B","RUBUPARB",,
285,,"Rubus parviflorus C","RUBUPARC",,
286,,"Rubus pedatus C","RUBUPEDC",,
287,,"Rubus pubescens C","RUBUPUBC",,
288,,"Sabulina rubella C","SABURUBC",,
289,,"Salix arbusculoides B","SALIARBB",,
290,,"Salix arctica C","SaliarcC",,
291,,"Salix barclayi B","SALIBACB",,
292,,"Salix bebbiana B","SALIBEBB",,
293,,"Salix discolor B","SALIDISB",,
294,,"Salix glauca B","SALIGLAB",,
295,,"Salix myrtillifolia B","SALIMYRB",,
296,,"Salix petiolaris B","SALIPETB",,
297,,"Salix prolixa B","SALIPROB",,
298,,"Salix pseudomonticola B","SALIPSEB",,
299,,"Salix pyrifolia B","SALIPYRB",,
300,,"Salix scouleriana A","SALISCOA",,
301,,"Salix scouleriana B","SALISCOB",,
302,,"Salix spp. B","SALIXB",,
303,,"Sanguisorba stipulata C","SANGSTIC",,
304,,"Sanionia uncinata D","SANIUNCD",,
305,,"Saxifraga oppositifolia C","SaxioppC",,
306,,"Saxifraga tricuspidata C","SaxitriC",,
307,,"Scapania spp. D","SCAPANID",,
308,,"Scapania bolanderi D","SCAPBOLD",,
309,,"Scutellaria galericulata C","SCUTGALC",,
310,,"Senecio lugens C","SENELUGC",,
311,,"Senecio sheldonensis C","SENESHEC",,
312,,"Senecio triangularis C","SENETRIC",,
313,,"Shepherdia canadensis B","SHEPCANB",,
314,,"Sorbus scopulina B","SORBSCOB",,
315,,"Sorbus spp. A","SORBUSA",,
316,,"Sorbus spp. B","SORBUSB",,
317,,"Sphagnum capillifolium D","SPHACAID",,
318,,"Sphagnum girgensohnii D","SPHAGIRD",,
319,,"Sphagnum spp. D","SPHAGNUD",,
320,,"Spiraea douglasii B","SPIRDOUB",,
321,,"Stellaria calycantha C","STELCALC",,
322,,"Stellaria longifolia C","StellonC",,
323,,"Stereocaulon spp. D","STEREOCD",,
324,,"Streptopus amplexifolius C","STREAMPC",,
325,,"Streptopus lanceolatus C","STRELANC",,
326,,"Struthiopteris spicant C","STRUSPIC",,
327,,"Symphyotrichum ciliolatum C","SYMPCIIC",,
328,,"Syntrichia ruralis D","SYNTRURD",,
329,,"Tanacetum vulgare C","TANAVULC",,
330,,"Tephroseris newcombei  C","TEPHNEWC",,
331,,"Thalictrum occidentale C","THALOCCC",,
332,,"Thalictrum sparsiflorum C","THALSPAC",,
333,,"Thamnolia vermicularis D","ThamverD",,
334,,"Thuidium recognitum D","THUIRECD",,
335,,"Thuja plicata A","THUJPLIA",,
336,,"Thuja plicata D","THUJPLID",,
337,,"Tiarella trifoliata C","TIARTRIC",,
338,,"Timmia austriaca D","TIMMAUSD",,
339,,"Tomentypnum nitens D","TOMENITD",,
340,,"Trientalis europaea ssp. arctica C","TRIEEURC",,
341,,"Tsuga heterophylla A","TSUGHETA",,
342,,"Tsuga heterophylla B","TSUGHETB",,
343,,"Tsuga mertensiana A","TSUGMERA",,
344,,"Tsuga mertensiana B","TSUGMERB",,
345,,"Tsuga mertensiana D","TSUGMERD",,
346,,"Vaccinium alaskaense A","VACCALAA",,
347,,"Vaccinium alaskaense B","VACCALAB",,
348,,"Vaccinium caespitosum C","VACCCAEC",,
349,,"Vaccinium deliciosum B","VACCDELB",,
350,,"Vaccinium membranaceum B","VACCMEMB",,
351,,"Vaccinium ovalifolium B","VACCOVLB",,
352,,"Vaccinium oxycoccos C","VACCOXYC",,
353,,"Vaccinium parvifolium B","VACCPARB",,
354,,"Vaccinium uliginosum B","VACCULIB",,
355,,"Vaccinium vitis-idaea C","VACCVITC",,
356,,"Veratrum viride C","VERAVIRC",,
357,,"Viburnum edule B","VIBUEDUB",,
358,,"Vicia americana C","VICIAMEC",,
359,,"Viola spp. C","VIOLAC",,
360,,"Viola canadensis C","VIOLCANC",,
361,,"Viola glabella C","VIOLGLAC",,
362,,"Viola renifolia C","VIOLRENC",,
