"PlotNumber","MyLayer","Species","Cover"
"108050","A","ALNUALN",2.00
"108050","A","TSUGMER",35.00
"108050","A","ABIE_RK",3.00
"108050","A","XANTNOO",5.00
"108050","A","ALNUALN2",5.00
"108050","A","ABIEGRA",25.00
"108050","A","ABIES",0.20
"108050","A","ACERGLA1",1.00
"108050","A","PINUCON",5.00
"108050","A","ABIELAS",14.00
"108050","A","VACCALA",7.00
"108050","A","THUJPLI",10.00
"108050","A","SORBUS",8.00
"108050","A","ABIEAMA",5.00
"108050x","A","ABIECON",10.00
"108050x","A","ABIEAMA",5.00
"108050x","A","VACCALA",3.00
"108050x","A","SORBUS",8.00
"108050x","A","ABIEGRA",25.00
"108050x","A","ABIEBAL",10.00
"108050x","A","ALNUALN2",99.00
"108050x","A","THUJPLI",10.00
"108050x","A","TSUGMER",35.00
"108050x","A","ALNUALN1",99.00
"108050x","A","ABIELAS",10.00
"108050x","A","XANTNOO",5.00
"1976021","A","POPUBAL",0.50
"1976021","A","BETUPAP",5.00
"1976021","A","PICEGLA",25.00
"1976021","A","ABIELAS",3.00
"1976021","A","POPUTRE",0.50
"1976022","A","PICEGLA",26.00
"1976022","A","ABIELAS",1.00
"1976025","A","PICEGLA",60.00
"1976039","A","PICEGLA",36.00
"1976039","A","BETUPAP",8.00
"1976039","A","POPUTRE",8.00
"1976071","A","BETUPAP",2.00
"1976071","A","PICEGLA",26.00
"1976072","A","PICEGLA",18.00
"1976075","A","BETUPAP",8.00
"1976075","A","PICEGLA",16.00
"1976075","A","ALNUINC",1.00
"1976080","A","BETUPAP",8.00
"1976080","A","PICEGLA",26.00
"202050","A","THUJPLI",7.00
"202050","A","TSUGMER",10.00
"202050","A","ABIEMAG1",5.00
"202050","A","XANTNOO",7.00
"406250","A","POPUBAL",0.50
"406250","A","PICEGLA",0.50
"406250","A","PINUCON",15.00
"412150","A","PICEGLA",3.00
"412250","A","POPUTRE",2.00
"412250","A","PICEGLA",39.00
"412250","A","PICEMAR",50.00
"412350","A","PICEGLA",45.00
"412450","A","PICEGLA",50.00
"5760454","A","ABIELAS",20.00
"5760454","A","PICEENG",53.00
"5760454","A","ABIEAMA",15.00
"5760463","A","POPUTRE",53.00
"5760463","A","PICEENG",33.00
"5760808","A","LARILAR",3.00
"5760808","A","PICEENE",23.00
"5760808","A","PICEMAR",20.00
"8229723","A","ABIELAS",6.00
"8229723","A","PICEGLA",23.00
"8428935","A","PINUCON",1.00
"8428935","A","POPUBAL",5.00
"8428935","A","ABIEMAG1",30.00
"8428935","A","ABIELAS",90.00
"8428935","A","PICEENE",24.00
"8428942","A","PICEENE",23.00
"8428963","A","PICEGLA",22.00
"8428970","A","PICEENG",46.00
"8428970","A","ABIELAS",5.00
"8428970","A","PINUCON",0.10
"8428975","A","PICEENE",30.00
"8428975","A","ABIELAS",5.00
"8529415","A","PINUCON",3.00
"8529415","A","PICEGLA",18.00
"8529415","A","PICEMAR",4.00
"8529649","A","PICEGLA",25.00
"8529670","A","PICEGLA",25.00
"8529675","A","PICEENE",17.00
"8529676","A","POPUBAL",4.00
"8529676","A","PICEENE",54.00
"8630146","A","PICEGLA",37.00
"9003002","A","POPUBAL",3.00
"9003043","A","PICEENE",15.00
"9003043","A","ABIELAS",1.00
"9003104","A","PICEENE",18.00
"961167","A","POPUTRI",5.00
"961167","A","PICEGLA",8.00
"9611965","A","BETUPAP",50.00
"9611965","A","PICEGLA",4.00
"9611965","A","POPUTRE",5.00
"9611965","A","POPUBAL",5.00
"9611967","A","BETUPAP",5.00
"9611967","A","PICEENG",20.00
"9624781","A","PICEENE",9.00
"9624804","A","SALISCO",10.00
"9624804","A","POPUTRE",10.00
"9624804","A","POPUTRI",6.00
"9624804","A","PICEENE",15.00
"HLB056","A","PINUCON",0.50
"HLB056","A","XANTNOO",0.50
"HLB056","A","TSUGMER",2.00
"L153","A","PICEGLA",30.00
"L153","A","POPUBAL",10.00
"L153","A","BETUPAP",1.00
"L185","A","PICEGLA",40.00
"L185","A","POPUBAL",5.00
"MAHA05","A","TSUGMER",4.00
"MAHA05","A","XANTNOO",8.00
"MAHA05","A","TSUGHET",0.20
"QCIL6","A","TSUGHET",0.10
"QCIL6","A","TSUGMER",80.00
"QCIL6","A","XANTNOO",20.00
"QCIQ10","A","XANTNOO",0.20
"QCIQ10","A","TSUGMER",75.00
"QCIQ10","A","PICESIT",17.00
"QCIQ10","A","TSUGHET",10.00
"QCIQ14","A","TSUGHET",5.00
"QCIQ14","A","TSUGMER",30.00
"QCIQ14","A","XANTNOO",55.00
"QCIQ14","A","PICESIT",2.00
"R0126","A","PICEGLA",35.00
"R3027","A","PICEGLA",50.00
"R3039","A","PICEGLA",40.00
"108050","B","VACCPAR",15.00
"108050","B","PINUCON",5.00
"108050","B","ABIELAS",5.00
"108050","B","SORBUS",2.00
"108050","B","ABIES",0.10
"108050","B","VACCALA",15.00
"108050","B","ABIE_RK",12.00
"108050x","B","VACCOVL",15.00
"108050x","B","VACCALA",15.00
"108050x","B","SORBUS",2.00
"108050x","B","ABIELAS",5.00
"108050x","B","ABIEAMA",5.00
"1976021","B","ROSAACI",8.00
"1976021","B","BETUPAP",0.20
"1976021","B","SHEPCAN",2.00
"1976021","B","RIBETRI",4.00
"1976021","B","VIBUEDU",8.00
"1976021","B","ABIELAS",2.00
"1976021","B","ALNUINC",10.00
"1976021","B","SALIBEB",0.50
"1976021","B","RIBELAC",4.00
"1976021","B","POPUTRE",0.50
"1976021","B","PICEGLA",1.00
"1976021","B","POPUBAL",1.00
"1976022","B","ABIELAS",1.00
"1976022","B","ROSAACI",18.00
"1976022","B","VIBUEDU",0.50
"1976022","B","SALIBEB",1.00
"1976022","B","PICEGLA",0.50
"1976022","B","SALIPSE",0.50
"1976022","B","ALNUINC",20.00
"1976022","B","RIBETRI",0.50
"1976022","B","RIBEOXY",0.50
"1976025","B","RIBETRI",4.00
"1976025","B","VIBUEDU",18.00
"1976025","B","RIBELAC",0.50
"1976025","B","SALIBEB",0.20
"1976025","B","ROSAACI",8.00
"1976025","B","PICEGLA",0.50
"1976025","B","ALNUINC",4.70
"1976039","B","SHEPCAN",0.50
"1976039","B","ROSAACI",8.00
"1976039","B","CORNSER",8.00
"1976039","B","VIBUEDU",18.00
"1976039","B","RIBETRI",0.20
"1976039","B","BETUPAP",2.00
"1976039","B","RIBEOXY",0.50
"1976071","B","RIBEGLA",0.20
"1976071","B","PICEGLA",4.00
"1976071","B","ROSAACI",18.00
"1976071","B","RIBEOXY",8.00
"1976071","B","BETUPAP",2.00
"1976071","B","VIBUEDU",8.00
"1976071","B","CORNSER",4.00
"1976071","B","RUBUIDA",0.50
"1976071","B","BETUNEO",0.50
"1976071","B","ALNUINC",20.00
"1976072","B","VIBUEDU",2.00
"1976072","B","RIBELAC",0.50
"1976072","B","CORNSER",8.00
"1976072","B","ROSAACI",8.00
"1976072","B","RIBEOXY",2.00
"1976072","B","ALNUINC",8.00
"1976072","B","PICEGLA",2.00
"1976075","B","ALNUINC",18.00
"1976075","B","BETUPAP",4.00
"1976075","B","SALIBEB",0.50
"1976075","B","RIBEHUD",0.20
"1976075","B","CORNSER",8.00
"1976075","B","PICEGLA",4.00
"1976075","B","RIBEOXY",2.00
"1976075","B","ROSAACI",8.00
"1976075","B","VIBUEDU",18.00
"1976080","B","CORNSER",18.00
"1976080","B","RIBEOXY",4.00
"1976080","B","RUBUIDA",0.20
"1976080","B","AMELALN",0.20
"1976080","B","ALNUINC",8.00
"1976080","B","BETUPAP",4.00
"1976080","B","PICEGLA",8.00
"1976080","B","POPUBAL",2.00
"1976080","B","RIBETRI",2.00
"1976080","B","ROSAACI",18.00
"1976080","B","SALIBEB",4.00
"1976080","B","LONIDIO",0.50
"1976080","B","VIBUEDU",8.00
"406250","B","PICEGLA",5.00
"406250","B","RIBETRI",5.00
"406250","B","ROSAACI",20.00
"412150","B","ROSAACI",5.00
"412150","B","VIBUEDU",0.50
"412150","B","PICEGLA",0.50
"412150","B","LONIINV",5.00
"412250","B","RIBEHUD",10.00
"412250","B","PICEGLA",0.50
"412250","B","VIBUEDU",2.00
"412250","B","RIBELAC",0.50
"412250","B","PICEMAR",2.00
"412250","B","SALIBAC",1.00
"412250","B","SALIBEB",8.00
"412250","B","BETUNAN",4.00
"412250","B","SALIGLA",5.00
"412250","B","RHODGRO",18.00
"412250","B","SALIMYR",0.50
"412250","B","ROSAACI",15.00
"412350","B","ROSAACI",12.00
"412350","B","SALIBEB",0.10
"412350","B","PICEGLA",3.00
"412350","B","VIBUEDU",8.00
"412350","B","ALNUINC",15.00
"412350","B","RIBETRI",1.00
"412350","B","BETUPAP",0.10
"412450","B","PICEGLA",3.00
"412450","B","ROSAACI",12.00
"412450","B","SALIBEB",5.00
"412450","B","BETUPAP",0.10
"412450","B","ALNUINC",10.00
"412450","B","VIBUEDU",3.00
"5760454","B","VIBUEDU",5.00
"5760454","B","RIBELAC",1.00
"5760454","B","LONIINV",2.00
"5760454","B","ABIELAS",10.00
"5760454","B","POPUBAL",1.00
"5760454","B","ALNUALN",3.00
"5760454","B","ROSAACI",1.00
"5760463","B","RIBELAX",1.00
"5760463","B","RUBUIDA",5.00
"5760463","B","PICEENG",2.00
"5760463","B","LONIINV",1.00
"5760463","B","RIBELAC",2.00
"5760463","B","POPUTRE",4.00
"5760463","B","VIBUEDU",1.00
"5760463","B","ROSAACI",2.00
"5760808","B","RIBETRI",2.00
"5760808","B","RHODGRO",7.00
"5760808","B","RIBELAC",3.00
"5760808","B","LONIINV",5.00
"5760808","B","SALIPSE",2.00
"5760808","B","ALNUINC",10.00
"579279","B","VACCULI",4.00
"579279","B","TSUGMER",60.00
"8229723","B","RIBELAC",2.00
"8229723","B","VACCMEM",0.10
"8229723","B","LONIINV",1.00
"8229723","B","SALIBEB",2.00
"8229723","B","SALIX",0.50
"8229723","B","ABIELAS",0.10
"8229723","B","RIBETRI",1.00
"8229723","B","VIBUEDU",0.10
"8229723","B","ALNUALN2",2.00
"8229723","B","ROSAACI",0.10
"8428935","B","RIBELAC",3.00
"8428935","B","PINUCON",5.00
"8428935","B","ABIELAS",15.00
"8428935","B","VIBUEDU",1.00
"8428935","B","ROSAACI",2.00
"8428935","B","PICEENE",6.00
"8428935","B","RIBETRI",10.00
"8428935","B","SALIX",0.50
"8428942","B","RIBELAC",2.00
"8428942","B","ABIELAS",11.00
"8428942","B","BETUNAN",1.00
"8428942","B","VACCMEM",1.00
"8428942","B","PICEENE",1.00
"8428942","B","SALIBAC",8.00
"8428942","B","RIBETRI",5.00
"8428942","B","RIBES",1.00
"8428963","B","RIBELAC",1.00
"8428963","B","SALIMYR",4.00
"8428963","B","RIBETRI",1.00
"8428963","B","PICEGLA",5.00
"8428963","B","JUNICOM",1.00
"8428963","B","SHEPCAN",2.00
"8428963","B","ROSAACI",3.00
"8428963","B","ABIELAS",0.50
"8428970","B","SALIARB",1.00
"8428970","B","RIBETRI",5.00
"8428970","B","PINUCON",5.00
"8428970","B","VIBUEDU",3.00
"8428970","B","ABIELAS",10.00
"8428970","B","SHEPCAN",1.00
"8428970","B","SALIBAC",1.00
"8428970","B","ROSAACI",3.00
"8428970","B","RUBUIDA",0.50
"8428970","B","RIBELAC",2.00
"8428970","B","PICEENG",1.00
"8428975","B","PICEENE",15.00
"8428975","B","RIBETRI",5.00
"8428975","B","SALIARB",0.50
"8428975","B","SHEPCAN",0.50
"8428975","B","SALIGLA",0.50
"8428975","B","RIBELAC",0.50
"8428975","B","ABIELAS",10.00
"8529415","B","ALNUINC",27.00
"8529415","B","RIBEHUD",0.50
"8529415","B","LONIINV",1.00
"8529415","B","VIBUEDU",0.50
"8529415","B","ROSAACI",2.00
"8529415","B","RHODGRO",3.00
"8529415","B","SALIPYR",2.00
"8529415","B","PICEGLA",4.00
"8529415","B","RIBETRI",0.50
"8529415","B","ALNUALN2",3.00
"8529649","B","PICEGLA",4.20
"8529649","B","POPUTRE",1.00
"8529649","B","BETUPAP",2.00
"8529649","B","SORBSCO",1.00
"8529649","B","ALNUALN2",14.00
"8529649","B","RIBETRI",4.00
"8529649","B","VIBUEDU",25.00
"8529649","B","RUBUIDA",4.00
"8529649","B","ROSAACI",8.00
"8529649","B","LONIINV",12.00
"8529649","B","RIBELAC",2.00
"8529670","B","RIBELAC",1.00
"8529670","B","SALIGLA",10.00
"8529670","B","SHEPCAN",7.00
"8529670","B","RHODGRO",2.00
"8529670","B","VIBUEDU",1.00
"8529670","B","ABIELAS",0.10
"8529670","B","PICEMAR",1.00
"8529670","B","BETUNAN",5.00
"8529670","B","SALIMYR",21.00
"8529670","B","SALIPET",6.00
"8529670","B","ROSAACI",2.00
"8529670","B","PICEGLA",1.10
"8529670","B","SALIX",12.00
"8529670","B","RIBETRI",1.00
"8529675","B","SHEPCAN",1.00
"8529675","B","RIBEOXY",1.00
"8529675","B","SALIMYR",23.00
"8529675","B","RIBETRI",0.50
"8529675","B","PICEENE",2.10
"8529675","B","RIBEBRA",1.00
"8529676","B","ALNUINC",2.00
"8529676","B","ROSAACI",2.00
"8529676","B","PICEENE",1.10
"8529676","B","SHEPCAN",0.50
"8529676","B","RIBEOXY",1.00
"8529676","B","RIBETRI",2.00
"8630146","B","ROSAACI",1.00
"8630146","B","PICEMAR",2.00
"8630146","B","SALIBEB",10.00
"8630146","B","PICEGLA",12.00
"8630146","B","BETUNAN",0.10
"9003002","B","SHEPCAN",0.50
"9003002","B","CORNSER",4.00
"9003002","B","PICEENE",28.00
"9003002","B","SALIX",3.00
"9003002","B","POPUBAL",4.00
"9003002","B","ALNUINC",13.00
"9003002","B","ROSAACI",5.00
"9003043","B","ROSAACI",2.00
"9003043","B","RIBEHUD",1.00
"9003043","B","RUBUIDA",1.00
"9003043","B","SHEPCAN",0.50
"9003043","B","SALIX",2.00
"9003043","B","VIBUEDU",0.50
"9003043","B","ABIELAS",5.00
"9003043","B","RIBELAC",1.00
"9003043","B","ALNUINC",8.00
"9003104","B","SALIX",1.00
"9003104","B","SORBSCO",0.50
"9003104","B","BETUOCC",1.00
"9003104","B","ROSAACI",1.00
"9003104","B","RIBELAX",1.00
"9003104","B","RIBEGLA",0.50
"9003104","B","ABIELAS",0.50
"9003104","B","VIBUEDU",5.00
"9003104","B","RIBEHUD",1.00
"9003104","B","ALNUINC",25.00
"9003104","B","OPLOHOR",0.50
"9003104","B","CORNSER",13.00
"9003104","B","PICEENE",3.00
"9003104","B","LONIINV",20.00
"9003104","B","RIBELAC",2.00
"961167","B","SALIBEB",4.00
"961167","B","PICEGLA",3.00
"961167","B","ROSAACI",3.00
"961167","B","RIBEOXY",1.00
"961167","B","SALIDIS",1.00
"961167","B","CORNSER",2.00
"961167","B","ALNUALN2",4.00
"961167","B","VIBUEDU",1.00
"961167","B","LONIINV",20.00
"961167","B","RIBEHUD",0.10
"9611965","B","RUBUIDA",1.00
"9611965","B","CORNSER",1.00
"9611965","B","ROSAACI",1.00
"9611965","B","LONIINV",15.00
"9611965","B","ALNUINC",45.00
"9611965","B","VIBUEDU",2.00
"9611965","B","PICEGLA",1.00
"9611965","B","OPLOHOR",5.00
"9611967","B","CORNSER",0.20
"9611967","B","RIBEHUD",0.10
"9611967","B","RUBUPAR",0.10
"9611967","B","ROSAACI",3.00
"9611967","B","LONIINV",10.00
"9611967","B","OPLOHOR",3.00
"9611967","B","AMELALN",0.10
"9611967","B","PICEGLA",1.10
"9611967","B","VIBUEDU",1.00
"9611967","B","ALNUINC",20.00
"9611967","B","SALISCO",1.00
"9611967","B","SORBSCO",0.10
"9624781","B","CORNSER",12.00
"9624781","B","POPUTRI",0.10
"9624781","B","ROSAACI",2.00
"9624781","B","SALIPRO",25.00
"9624781","B","PICEENE",6.00
"9624781","B","POPUTRE",0.10
"9624781","B","RIBEHUD",5.00
"9624781","B","ALNUINC",8.00
"9624781","B","LONIINV",18.00
"9624804","B","RUBUIDA",2.00
"9624804","B","ROSAACI",5.00
"9624804","B","AMELALN",1.00
"9624804","B","SPIRDOU",7.00
"9624804","B","LONIINV",10.00
"9624804","B","ALNUINC",18.00
"9624804","B","OPLOHOR",1.00
"9624804","B","PICEENE",9.00
"9624804","B","VIBUEDU",5.00
"9624804","B","RIBELAC",2.00
"9624804","B","CORNSER",1.00
"HLB056","B","TSUGHET",2.70
"HLB056","B","XANTNOO",30.00
"HLB056","B","GAULSHA",0.50
"HLB056","B","VACCOVL",4.00
"HLB056","B","PINUCON",0.50
"HLB056","B","CLADONI",0.50
"HLB056","B","TSUGMER",8.00
"L153","B","ROSAACI",5.00
"L153","B","PICEGLA",1.00
"L153","B","CORNSER",1.00
"L153","B","LONICER",1.00
"L153","B","ALNUINC",2.00
"L153","B","VIBUEDU",1.00
"L185","B","ROSAACI",5.00
"L185","B","VIBUEDU",10.00
"L185","B","ABIELAS",6.00
"L185","B","CORNSER",5.00
"L185","B","ALNUINC",10.00
"L185","B","BETUPAP",1.00
"MAHA05","B","TSUGHET",0.20
"MAHA05","B","VACCALA",4.00
"MAHA05","B","TSUGMER",8.00
"MAHA05","B","VACCDEL",8.00
"MAHA05","B","VACCOVL",4.00
"MAHA05","B","XANTNOO",12.00
"MAHA05","B","ABIEAMA",1.40
"QCIL6","B","VACCALA",0.10
"QCIQ10","B","VACCALA",1.00
"QCIQ10","B","VACCOVL",1.00
"QCIQ10","B","MENZFER",0.50
"QCIQ10","B","VACCPAR",2.00
"QCIQ14","B","VACCOVL",1.00
"QCIQ14","B","VACCALA",1.00
"QCIQ14","B","VACCPAR",2.00
"R0126","B","RIBETRI",1.00
"R0126","B","RUBUIDA",0.10
"R0126","B","SHEPCAN",5.00
"R0126","B","ROSAACI",1.00
"R0126","B","SALIBEB",2.00
"R0126","B","SALIPSE",0.10
"R0126","B","VIBUEDU",2.00
"R0126","B","RHODGRO",8.00
"R0126","B","RIBELAC",2.00
"R3027","B","PICEGLA",7.00
"R3027","B","RIBELAC",3.00
"R3027","B","SALIX",2.00
"R3027","B","RIBETRI",1.00
"R3027","B","ROSAACI",0.10
"R3027","B","ALNUINC",8.00
"R3027","B","VIBUEDU",5.00
"R3039","B","RIBETRI",0.10
"R3039","B","VIBUEDU",3.00
"R3039","B","ROSAACI",15.00
"R3039","B","ALNUINC",10.00
"R3039","B","PICEGLA",5.00
"R3039","B","RIBELAC",4.00
"108050","C","RUBUPED",5.00
"108050","C","LYSIAME",10.00
"108050","C","COPTASP",2.00
"108050","C","NEOTCOR",2.00
"108050","C","CASSMER",10.00
"108050","C","LUETPEC",10.00
"108050","C","NEPHCRI",10.00
"108050","C","CARECOC",15.00
"108050","C","LIGUSTI",10.00
"108050","C","HARRSTE",5.00
"108050","C","CORNCAN",5.00
"108050","C","VERAVIR",50.00
"108050","C","STRUSPI",20.00
"108050","C","CALTLEP",10.00
"108050","C","CHAMANG",1.00
"108050","C","PHYLEMP",20.00
"108050","C","CALAPUR",15.00
"108050","C","ERIOANG",99.00
"108050x","C","VERAVIR",50.00
"108050x","C","LYSIAME",10.00
"108050x","C","STRUSPI",20.00
"108050x","C","NEPHCRI",10.00
"108050x","C","ERIOANG",99.00
"108050x","C","PHYLEMP",20.00
"108050x","C","CALTLEP",10.00
"108050x","C","HARRSTE",5.00
"108050x","C","CHAMANG",1.00
"108050x","C","CORNCAN",5.00
"108050x","C","NEOTCOR",2.00
"108050x","C","RUBUPED",5.00
"108050x","C","LUETPEC",10.00
"108050x","C","LIGUSTI",10.00
"108050x","C","COPTASP",2.00
"108050x","C","CALAPUR",15.00
"108050x","C","CASSMER",10.00
"1976021","C","ACONDEL",2.00
"1976021","C","CHAMANG",2.00
"1976021","C","MITENUD",8.00
"1976021","C","EQUIARV",2.00
"1976021","C","EQUISCI",2.00
"1976021","C","PLATOBT",0.20
"1976021","C","LINNBOR",42.00
"1976021","C","CALACAN",2.00
"1976021","C","VACCVIT",0.20
"1976021","C","RUBUPUB",8.00
"1976021","C","PYROCHL",4.00
"1976021","C","MERTPAN",0.50
"1976021","C","ORTHSEC",4.00
"1976021","C","EQUIPRA",2.00
"1976021","C","PYROASA",8.00
"1976021","C","GOODREP",0.50
"1976021","C","CORNCAN",18.00
"1976022","C","LINNBOR",8.00
"1976022","C","EQUIPRA",4.00
"1976022","C","MITENUD",4.00
"1976022","C","MERTPAN",8.00
"1976022","C","PYROASA",0.20
"1976022","C","CORNCAN",18.00
"1976022","C","PYROCHL",0.20
"1976022","C","CALACAN",2.00
"1976022","C","EQUISCI",2.00
"1976022","C","VACCVIT",8.00
"1976022","C","GOODREP",4.00
"1976022","C","ORTHSEC",4.00
"1976022","C","RUBUPUB",4.00
"1976025","C","CORNCAN",8.00
"1976025","C","VIOLREN",2.00
"1976025","C","RUBUPUB",8.00
"1976025","C","POLEACU",0.20
"1976025","C","MITENUD",18.00
"1976025","C","LINNBOR",8.00
"1976025","C","EQUISCI",4.00
"1976025","C","EQUIPRA",29.00
"1976025","C","GOODREP",2.00
"1976025","C","LYCOANN",0.20
"1976025","C","CALACAN",0.50
"1976025","C","MERTPAN",8.00
"1976025","C","PETAFRI3",0.50
"1976025","C","ACONDEL",0.50
"1976025","C","CHAMANG",0.50
"1976025","C","VACCVIT",0.50
"1976025","C","ORTHSEC",0.50
"1976025","C","PYROASA",0.20
"1976025","C","DELPGLA",0.50
"1976039","C","EQUISCI",0.20
"1976039","C","PYROCHL",0.20
"1976039","C","GOODREP",0.20
"1976039","C","GALIBOR",0.20
"1976039","C","FRAGVIR",0.50
"1976039","C","PYROASA",18.00
"1976039","C","MITENUD",8.00
"1976039","C","CALACAN",0.50
"1976039","C","VICIAME",0.20
"1976039","C","ACTARUB",0.20
"1976039","C","ORTHSEC",0.20
"1976039","C","VIOLREN",8.00
"1976039","C","MAIATRI",0.20
"1976039","C","RUBUPUB",18.00
"1976039","C","GALITRF",0.20
"1976039","C","CARECOI",0.20
"1976039","C","MERTPAN",4.00
"1976039","C","LINNBOR",29.00
"1976039","C","MAIACAN",2.00
"1976039","C","CORNCAN",18.00
"1976071","C","CIRCALP",18.00
"1976071","C","GALITRF",4.00
"1976071","C","PYROASA",0.20
"1976071","C","RUBUPUB",8.00
"1976071","C","EQUIPRA",63.00
"1976071","C","CORNCAN",4.00
"1976071","C","GYMNDRY",0.20
"1976071","C","CAREDEW",0.20
"1976071","C","EQUIARV",0.20
"1976071","C","CALACAN",0.20
"1976071","C","MONEUNI",0.20
"1976071","C","ACTARUB",0.50
"1976071","C","CINNLAT",4.00
"1976071","C","MATTSTR",0.50
"1976071","C","MITENUD",8.00
"1976071","C","GOODREP",0.20
"1976071","C","ARALNUD",2.00
"1976071","C","THALSPA",0.20
"1976071","C","VIOLREN",4.00
"1976072","C","EQUIPRA",8.00
"1976072","C","GOODREP",0.20
"1976072","C","GYMNDRY",0.50
"1976072","C","MATTSTR",63.00
"1976072","C","CAREDIS",2.00
"1976072","C","FRAGVIR",0.20
"1976072","C","EQUISCI",0.50
"1976072","C","GEUMMAC",0.20
"1976072","C","VIOLREN",2.00
"1976072","C","GALITRF",0.20
"1976072","C","MITENUD",0.20
"1976072","C","THALSPA",0.50
"1976072","C","CORNCAN",0.50
"1976072","C","CIRCALP",0.50
"1976072","C","CINNLAT",0.50
"1976072","C","CAREDEW",4.00
"1976072","C","RUBUARC",4.00
"1976075","C","RUBUPUB",8.00
"1976075","C","FRAGVIR",0.20
"1976075","C","THALSPA",0.20
"1976075","C","MERTPAN",0.50
"1976075","C","EQUIPRA",63.00
"1976075","C","CAREDEW",0.20
"1976075","C","LINNBOR",2.00
"1976075","C","DELPGLA",0.20
"1976075","C","ARALNUD",2.00
"1976075","C","PYROASA",0.20
"1976075","C","MATTSTR",0.50
"1976075","C","CINNLAT",8.00
"1976075","C","CORNCAN",0.50
"1976075","C","CIRCALP",8.00
"1976075","C","MITENUD",4.00
"1976075","C","GOODREP",0.20
"1976075","C","GALITRF",2.00
"1976080","C","PYROASA",0.50
"1976080","C","CIRCALP",2.00
"1976080","C","MERTPAN",0.50
"1976080","C","GOODREP",0.20
"1976080","C","VIOLREN",2.00
"1976080","C","RUBUPUB",8.00
"1976080","C","EQUISCI",0.50
"1976080","C","CORNCAN",8.00
"1976080","C","GALITRF",2.00
"1976080","C","EQUIPRA",63.00
"1976080","C","LINNBOR",2.00
"1976080","C","MITENUD",8.00
"202050","C","CASSMER",10.00
"202050","C","HARRSTE",10.00
"202050","C","LYCOPOE",0.50
"202050","C","LUETPEC",3.00
"406250","C","LINNBOR",7.00
"406250","C","ORTHSEC",1.00
"406250","C","VACCVIT",1.00
"406250","C","MITENUD",1.00
"406250","C","EQUIPRA",30.00
"406250","C","CORNCAN",1.00
"406250","C","ANEMRIC",0.50
"406250","C","EQUISCI",0.50
"406250","C","GOODREP",0.50
"406250","C","PLATOBT",0.50
"406250","C","CALACAN",6.00
"412150","C","ORTHSEC",0.50
"412150","C","MITENUD",1.00
"412150","C","GALITRF",0.50
"412150","C","CALACAN",3.00
"412150","C","PYROCHL",0.50
"412150","C","CORNCAN",1.00
"412150","C","MONEUNI",0.50
"412150","C","FRAGVIR",0.50
"412150","C","EQUIARV",4.00
"412150","C","ACHIMIL",0.50
"412250","C","CORNCAN",12.00
"412250","C","VACCOXY",1.00
"412250","C","MITENUD",1.00
"412250","C","MONEUNI",0.50
"412250","C","VACCVIT",3.00
"412250","C","EMPENIG",3.00
"412250","C","RUBUPUB",2.00
"412250","C","KALMMIC",2.00
"412250","C","GAULHUM",0.50
"412250","C","ORTHSEC",1.00
"412250","C","EQUIPRA",40.00
"412250","C","CALACAN",15.00
"412250","C","CHAMANG",0.50
"412250","C","LINNBOR",2.00
"412250","C","CAREAQU",30.00
"412250","C","EQUISCI",7.00
"412350","C","MERTPAN",1.00
"412350","C","ORTHSEC",5.00
"412350","C","MITENUD",3.00
"412350","C","GOODREP",0.10
"412350","C","CARECOI",2.00
"412350","C","GEOCLIV",8.00
"412350","C","PYROGRA",1.00
"412350","C","ASTRAME",5.00
"412350","C","EQUIPRA",30.00
"412350","C","RUBUPUB",1.00
"412350","C","CAREDIS",1.00
"412350","C","PYROMIN",0.10
"412350","C","LINNBOR",8.00
"412350","C","CORNCAN",5.00
"412450","C","EQUIPRA",40.00
"412450","C","CORNCAN",6.00
"412450","C","FRAGVIR",0.10
"412450","C","MERTPAN",1.00
"412450","C","MITENUD",0.10
"412450","C","EQUIARV",5.00
"412450","C","PYROMIN",1.00
"412450","C","CANAMOD",0.10
"412450","C","GEOCLIV",5.00
"412450","C","ARTETIL",0.10
"412450","C","RUBUPUB",1.00
"412450","C","ORTHSEC",2.00
"412450","C","LEYMINN",0.10
"412450","C","ASTRAME",3.00
"412450","C","LINNBOR",12.00
"412450","C","PLATOBT",0.10
"412450","C","PETAFRI3",0.10
"5760454","C","DRYOEXP",1.00
"5760454","C","HERAMAX",1.00
"5760454","C","LINNBOR",10.00
"5760454","C","ASTER",1.00
"5760454","C","GALITRF",1.00
"5760454","C","RUBUPUB",5.00
"5760454","C","CORNCAN",20.00
"5760454","C","ORTHSEC",1.00
"5760454","C","MITENUD",1.00
"5760454","C","FRAGVIR",2.00
"5760454","C","OSMOBER",1.00
"5760454","C","MONEUNI",1.00
"5760454","C","EQUIARV",25.00
"5760454","C","PETAFRI",1.00
"5760454","C","ACTARUB",1.00
"5760454","C","DELPGLA",1.00
"5760454","C","MERTPAN",2.00
"5760463","C","THALOCC",5.00
"5760463","C","RUBUPUB",5.00
"5760463","C","HERAMAX",8.00
"5760463","C","CHAMANG",5.00
"5760463","C","FRAGVIR",1.00
"5760463","C","MONEUNI",1.00
"5760463","C","ACTARUB",1.00
"5760463","C","MITENUD",1.00
"5760463","C","MAIASTE",3.00
"5760463","C","VIOLCAN",5.00
"5760463","C","DELPGLA",1.00
"5760463","C","OSMOBER",3.00
"5760463","C","GERARIC",1.00
"5760463","C","ELYMUS",3.00
"5760463","C","EQUIPRA",60.00
"5760463","C","MERTPAN",3.00
"5760463","C","EQUIARV",5.00
"5760808","C","EMPENIG",1.00
"5760808","C","MERTPAN",3.00
"5760808","C","VACCVIT",3.00
"5760808","C","PLATOBT",2.00
"5760808","C","EQUIPRA",30.00
"5760808","C","ACHIMIL",1.00
"5760808","C","SENETRI",2.00
"5760808","C","GEUMMAC",2.00
"5760808","C","SANGSTI",3.00
"5760808","C","STREAMP",2.00
"5760808","C","HERAMAX",2.00
"5760808","C","LINNBOR",3.00
"5760808","C","RUBUPUB",7.00
"5760808","C","DELPGLA",1.00
"5760808","C","CORNCAN",3.00
"5760808","C","RUBUARC",1.00
"5760808","C","RUBUCHA",3.00
"5760808","C","CAREDIS",5.00
"5760808","C","OSMOBER",2.00
"5760808","C","PETAFRI",2.00
"5760808","C","MITENUD",2.00
"579279","C","EMPENIG",25.00
"579279","C","PHYLGLA",2.00
"579279","C","HARRSTE",5.00
"579279","C","CARESTY",0.50
"579279","C","CALANUT",5.00
"579279","C","COPTASP",1.00
"579279","C","LIGUCAL",0.50
"579279","C","PEDIORN",0.50
"579279","C","LUETPEC",2.00
"579279","C","STRELAN",0.50
"579279","C","NEPHCRI",0.50
"579279","C","RUBUPED",2.00
"579279","C","CASSIOP",1.00
"579279","C","GENTDOU",0.20
"579279","C","TEPHNEW",1.00
"579279","C","STRUSPI",1.00
"8229723","C","CALAMAG",0.10
"8229723","C","RANUNCU",0.10
"8229723","C","ACTARUB",0.10
"8229723","C","LYCOANN",0.50
"8229723","C","CORNCAN",1.00
"8229723","C","PYROASA",0.10
"8229723","C","NEOTCOR",0.10
"8229723","C","PETAFRI3",0.10
"8229723","C","GALIBOR",0.10
"8229723","C","EQUIARV",60.00
"8229723","C","PLATANT",0.10
"8229723","C","CHAMANG",0.10
"8229723","C","MERTPAN",1.00
"8229723","C","GALITRF",0.10
"8229723","C","EQUIPRA",1.00
"8229723","C","ORTHSEC",0.10
"8229723","C","MITENUD",3.00
"8229723","C","RUBUPUB",0.50
"8229723","C","LINNBOR",1.00
"8428935","C","LINNBOR",1.00
"8428935","C","MONEUNI",0.50
"8428935","C","ORTHSEC",1.00
"8428935","C","EQUIPRA",1.00
"8428935","C","PETAFRI3",5.00
"8428935","C","EQUISCI",0.50
"8428935","C","ARNICOR",0.50
"8428935","C","RUBUARC",0.10
"8428935","C","OSMOBER",1.00
"8428935","C","ACTARUB",1.00
"8428935","C","PLATOBT",0.10
"8428935","C","EURYCON",1.00
"8428935","C","MERTPAN",5.00
"8428935","C","CHAMANG",0.50
"8428935","C","DELPGLA",1.00
"8428935","C","LEYMINN",3.00
"8428935","C","LATHOCH",0.50
"8428935","C","FRAGVIR",2.00
"8428935","C","MITENUD",3.00
"8428935","C","CORNCAN",5.00
"8428935","C","ASTRAME",0.50
"8428935","C","EQUIARV",65.00
"8428935","C","GALITRF",0.10
"8428942","C","POLEACU",1.00
"8428942","C","DELPGLA",0.50
"8428942","C","PETAFRI3",1.00
"8428942","C","THALOCC",0.50
"8428942","C","RUBUARC",0.10
"8428942","C","LINNBOR",0.10
"8428942","C","OSMODEP",0.10
"8428942","C","MITENUD",2.00
"8428942","C","CHAMANG",0.50
"8428942","C","CALACAN",6.00
"8428942","C","HERAMAX",1.00
"8428942","C","SENETRI",1.00
"8428942","C","CORNCAN",2.00
"8428942","C","ARNICOR",1.00
"8428942","C","EQUISCI",1.00
"8428942","C","MONEUNI",0.10
"8428942","C","RUBUPUB",0.50
"8428942","C","MERTPAN",10.00
"8428942","C","ACONDEL",0.50
"8428942","C","EQUIARV",35.00
"8428942","C","LEYMINN",4.00
"8428942","C","ACHIMIL",1.00
"8428942","C","POA_PAL",1.00
"8428963","C","LATHOCH",1.00
"8428963","C","PETAFRI3",2.00
"8428963","C","MERTPAN",25.00
"8428963","C","MITENUD",2.00
"8428963","C","RUBUARC",0.50
"8428963","C","EQUIARV",20.00
"8428963","C","FRAGVIR",6.00
"8428963","C","DELPGLA",1.00
"8428963","C","ARNICOR",0.50
"8428963","C","LEYMINN",20.00
"8428963","C","ACONDEL",0.10
"8428963","C","CORNCAN",15.00
"8428963","C","EPILOBI",0.10
"8428963","C","PYROCHL",0.10
"8428963","C","THALOCC",0.50
"8428963","C","GALIBOR",0.10
"8428963","C","ARNILAT",0.10
"8428963","C","EQUISCI",20.00
"8428963","C","CHAMANG",5.00
"8428963","C","ORTHSEC",0.10
"8428963","C","SYMPCII",0.10
"8428963","C","OSMOBER",0.10
"8428963","C","LINNBOR",4.00
"8428963","C","GALITRD",0.10
"8428970","C","EQUISCI",10.00
"8428970","C","ORTHSEC",0.50
"8428970","C","MONEUNI",0.50
"8428970","C","LEYMINN",10.00
"8428970","C","PETAFRI3",5.00
"8428970","C","ARNICOR",0.50
"8428970","C","ASTRAME",0.50
"8428970","C","RUBUPUB",1.00
"8428970","C","EQUIARV",15.00
"8428970","C","CHAMANG",0.50
"8428970","C","NEOTBAN",0.50
"8428970","C","OSMODEP",0.50
"8428970","C","GENTPRS",0.50
"8428970","C","CORNCAN",10.00
"8428970","C","LINNBOR",5.00
"8428970","C","GOODREP",0.50
"8428970","C","MERTPAN",5.00
"8428970","C","DELPGLA",0.50
"8428970","C","MITENUD",5.00
"8428975","C","ORTHSEC",5.00
"8428975","C","MITENUD",5.00
"8428975","C","LEYMINN",1.00
"8428975","C","EQUISCI",15.00
"8428975","C","PETAFRI3",0.50
"8428975","C","COPTLAP",1.00
"8428975","C","EQUIARV",15.00
"8428975","C","CALAMAG",1.00
"8428975","C","BISTVIV",0.50
"8428975","C","PYROASA",0.50
"8428975","C","ACONDEL",0.50
"8428975","C","MONEUNI",2.00
"8428975","C","CHAMANG",0.50
"8428975","C","GENTPRS",0.50
"8428975","C","CORNCAN",1.00
"8428975","C","RUBUPUB",2.00
"8428975","C","DELPGLA",0.50
"8428975","C","THALOCC",0.50
"8428975","C","FRAGVIR",0.50
"8428975","C","LINNBOR",5.00
"8428975","C","MERTPAN",10.00
"8529415","C","STREAMP",0.10
"8529415","C","EQUISCI",5.00
"8529415","C","RUBUPUB",7.00
"8529415","C","PETAFRI3",1.00
"8529415","C","DRYOEXP",0.10
"8529415","C","CORNCAN",20.00
"8529415","C","CARECOI",4.00
"8529415","C","MITENUD",0.50
"8529415","C","CALAMAG",12.00
"8529415","C","VIOLREN",0.10
"8529415","C","PLATOBT",0.10
"8529415","C","MERTPAN",0.50
"8529415","C","EQUIPRA",3.00
"8529415","C","EQUIARV",30.00
"8529649","C","GYMNDRY",25.00
"8529649","C","CAREBRU",0.50
"8529649","C","PETAFRI3",2.00
"8529649","C","MITENUD",15.00
"8529649","C","EQUISYL",40.00
"8529649","C","PYROCHL",1.00
"8529649","C","STREAMP",0.50
"8529649","C","PYROASA",2.00
"8529649","C","MOEHLAT",0.50
"8529649","C","CALACAN",8.00
"8529649","C","VACCVIT",0.20
"8529649","C","CHAMANG",4.00
"8529649","C","PETAFRI4",0.10
"8529649","C","MERTPAN",2.00
"8529649","C","LATHOCH",2.00
"8529649","C","ACTARUB",0.20
"8529649","C","CORNCAN",2.00
"8529649","C","MAIACAN",0.10
"8529649","C","VACCCAE",4.00
"8529649","C","ORTHSEC",1.00
"8529649","C","GALITRF",0.50
"8529649","C","STELCAL",1.00
"8529649","C","LINNBOR",8.00
"8529649","C","RUBUPUB",4.00
"8529649","C","CORATRI",0.10
"8529649","C","LYCOANN",3.00
"8529670","C","CHAMANG",2.00
"8529670","C","EQUISYL",1.00
"8529670","C","PARNPAL",0.10
"8529670","C","MONEUNI",0.30
"8529670","C","CORNCAN",1.00
"8529670","C","EQUISCI",1.00
"8529670","C","PETAFRI3",4.00
"8529670","C","ARCTRBR",1.00
"8529670","C","ACHIMIL",0.30
"8529670","C","MITENUD",1.00
"8529670","C","ASTRAGA",0.50
"8529670","C","NEOTBOR",0.20
"8529670","C","GENTPRS",0.20
"8529670","C","LEYMINN",30.00
"8529670","C","MERTPAN",2.00
"8529670","C","FRAGVIR",0.30
"8529670","C","SENESHE",0.50
"8529670","C","RUBUPAR",1.00
"8529670","C","VICIAME",0.50
"8529670","C","EQUIARV",3.00
"8529670","C","PLATOBT",2.00
"8529670","C","VIOLREN",0.20
"8529670","C","EQUIPRA",4.00
"8529670","C","DELPGLA",1.00
"8529670","C","PEDILAB",1.00
"8529670","C","CAREX",4.00
"8529670","C","LINNBOR",3.00
"8529670","C","ARNICOR",1.00
"8529670","C","VACCVIT",5.00
"8529675","C","LEYMINN",1.00
"8529675","C","POLEACU",0.20
"8529675","C","PARNPAL",1.00
"8529675","C","HEDYALP",1.00
"8529675","C","MITENUD",2.00
"8529675","C","SENELUG",0.50
"8529675","C","PLATOBT",1.00
"8529675","C","MERTPAN",2.00
"8529675","C","EQUIARV",3.00
"8529675","C","EQUIPRA",7.00
"8529675","C","EQUISCI",5.00
"8529675","C","ACONDEL",5.00
"8529675","C","BISTVIV",0.10
"8529675","C","LINNBOR",5.00
"8529675","C","ORTHSEC",1.00
"8529675","C","VIOLREN",1.00
"8529675","C","RUBUARC",4.00
"8529675","C","GENTPRS",0.10
"8529675","C","ACHIMIL",0.10
"8529675","C","ARCTLAT",1.00
"8529675","C","RANUNCU",0.10
"8529675","C","SYMPCII",0.20
"8529675","C","ARCTRBR",1.00
"8529675","C","PETAFRI3",0.50
"8529675","C","MONEUNI",0.10
"8529675","C","CHAMANG",0.50
"8529675","C","VICIAME",0.50
"8529675","C","CARECOI",1.00
"8529676","C","LINNBOR",10.00
"8529676","C","GOODREP",1.00
"8529676","C","CAREX",1.00
"8529676","C","PETAFRI",1.00
"8529676","C","MITENUD",1.00
"8529676","C","EURYSIB",1.00
"8529676","C","EQUIPRA",2.00
"8529676","C","PLATOBT",1.00
"8529676","C","PETAFRI3",3.00
"8529676","C","LEYMINN",1.00
"8529676","C","ORTHSEC",2.00
"8529676","C","FRAGVIR",0.30
"8529676","C","NEOTBOR",0.10
"8529676","C","ARTEMIS",1.00
"8529676","C","CHAMANG",2.00
"8529676","C","EQUIARV",60.00
"8529676","C","PYROCHL",1.00
"8529676","C","MONEUNI",1.00
"8529676","C","MERTPAN",3.00
"8529676","C","EQUISCI",0.50
"8630146","C","LINNBOR",1.00
"8630146","C","GALIBOR",0.10
"8630146","C","EQUISYL",1.00
"8630146","C","ORTHSEC",0.10
"8630146","C","PETAFRI3",0.10
"8630146","C","RUBUARC",0.10
"8630146","C","POLEACU",0.10
"8630146","C","CALASTR",0.50
"8630146","C","VACCVIT",30.00
"8630146","C","CALACAN",3.00
"8630146","C","TRIEEUR1",0.10
"8630146","C","CHAMANG",1.00
"8630146","C","CORNCAN",10.00
"8630146","C","MERTPAN",2.00
"8630146","C","DENDDEN",0.10
"8630146","C","CAREDIS",1.00
"8630146","C","PYROASA",0.10
"9003002","C","ACHIMIL",0.50
"9003002","C","ANEMPAR",0.50
"9003002","C","CYPRIPE",0.50
"9003002","C","ASTER",0.50
"9003002","C","PETAFRI3",2.00
"9003002","C","PYROASA",1.00
"9003002","C","CORNCAN",1.00
"9003002","C","RUBUPUB",5.00
"9003002","C","LINNBOR",0.50
"9003002","C","CALACAN",4.00
"9003002","C","HEDYALP",1.00
"9003002","C","ELYMALA",10.00
"9003002","C","LEYMINN",2.00
"9003002","C","FRAGVIR1",0.50
"9003002","C","ANEMMUL",0.50
"9003043","C","CORNCAN",2.00
"9003043","C","ARNILAT",1.00
"9003043","C","PETAFRI3",0.50
"9003043","C","LINNBOR",1.00
"9003043","C","RUBUPED",0.50
"9003043","C","CALACAN",5.00
"9003043","C","MERTPAN",5.00
"9003043","C","ORTHSEC",0.50
"9003043","C","MITENUD",1.00
"9003043","C","EQUIPRA",2.00
"9003043","C","LEYMINN",10.00
"9003043","C","GALIBOR",0.50
"9003104","C","EQUIPRA",40.00
"9003104","C","MITENUD",5.00
"9003104","C","DRYOEXP",0.50
"9003104","C","LYCOANN",3.00
"9003104","C","CORNCAN",5.00
"9003104","C","RUBUPUB",3.00
"9003104","C","GYMNDRY",15.00
"9003104","C","MERTPAN",2.00
"9003104","C","MAIARAC",0.50
"9003104","C","DELPGLA",1.00
"9003104","C","STREAMP",0.50
"9003104","C","RANUNCU",1.00
"9003104","C","GALITRD",2.00
"9003104","C","CHAMANG",0.50
"9003104","C","EQUIARV",25.00
"9003104","C","ARALNUD",0.50
"961167","C","RUBUPUB",2.00
"961167","C","MERTPAN",2.00
"961167","C","EQUISYL",0.10
"961167","C","EQUIARV",18.00
"961167","C","LYSILAT",0.10
"961167","C","GEUMMAC",0.50
"961167","C","FRAGVIR",0.10
"961167","C","CORNCAN",1.00
"961167","C","OSMOBER",0.10
"961167","C","HERAMAX",0.50
"961167","C","PETAFRI4",0.50
"961167","C","CALACAN",1.00
"961167","C","MITENUD",0.50
"961167","C","ATHYFIL",0.50
"961167","C","STREAMP",1.00
"961167","C","CHAMANG",0.10
"961167","C","GALITRF",0.50
"961167","C","VICIAME",0.50
"961167","C","DELPGLA",0.50
"961167","C","TANAVUL",0.10
"961167","C","PETAFRI3",0.10
"9611965","C","CALACAN",1.00
"9611965","C","GYMNDRY",3.00
"9611965","C","ACTARUB",0.10
"9611965","C","PLATDIL",0.10
"9611965","C","EQUIARV",10.00
"9611965","C","CIRCALP",2.00
"9611965","C","ATHYFIL",1.00
"9611965","C","CANAMOD",2.00
"9611965","C","MAIARAC",2.00
"9611965","C","DELPGLA",0.10
"9611965","C","SANGSTI",1.00
"9611965","C","CINNLAT",5.00
"9611965","C","GALITRF",2.00
"9611965","C","OSMORHI",0.10
"9611965","C","PETAFRI3",3.00
"9611965","C","THALOCC",0.10
"9611965","C","PYROASA",1.00
"9611965","C","MAIASTE",10.00
"9611965","C","RUBUPUB",5.00
"9611965","C","MITENUD",1.00
"9611965","C","ANGEGEN",2.00
"9611965","C","TRIEEUR1",0.10
"9611967","C","STREAMP",2.00
"9611967","C","PYROASA",5.00
"9611967","C","EQUIARV",25.00
"9611967","C","OSMORHI",0.10
"9611967","C","CIRCALP",0.10
"9611967","C","LYCOANN",2.00
"9611967","C","SYMPCII",0.10
"9611967","C","LINNBOR",3.00
"9611967","C","CORNCAN",2.00
"9611967","C","ARALNUD",5.00
"9611967","C","CANAMOD",0.10
"9611967","C","CINNLAT",0.10
"9611967","C","MAIARAC",0.10
"9611967","C","ORTHSEC",0.10
"9611967","C","PETAFRI3",10.00
"9611967","C","GYMNDRY",0.10
"9611967","C","GALITRF",1.00
"9611967","C","CAREDIS",0.10
"9611967","C","ATHYFIL",0.10
"9611967","C","VIOLA",0.10
"9611967","C","DRYOEXP",0.10
"9611967","C","RUBUPUB",20.00
"9611967","C","EPILMIN",0.10
"9611967","C","MITENUD",0.10
"9611967","C","PETAFRI4",0.10
"9624781","C","CICUDOU",1.00
"9624781","C","CORNCAN",3.00
"9624781","C","PETAFRI",0.10
"9624781","C","CALACAN",1.00
"9624781","C","MITENUD",3.00
"9624781","C","LINNBOR",0.10
"9624781","C","EPILCIL",0.10
"9624781","C","EQUIARV",8.00
"9624781","C","CAREDIS",5.00
"9624781","C","GEUMMAC",0.10
"9624781","C","ATHYFIL",3.00
"9624781","C","ARALNUD",0.10
"9624781","C","RUBUPUB",5.00
"9624781","C","PYROCHL",0.10
"9624781","C","GYMNDRY",12.00
"9624781","C","GALITRF",0.10
"9624781","C","DRYOEXP",1.00
"9624781","C","STREAMP",0.10
"9624781","C","CHAMANG",0.10
"9624781","C","SCUTGAL",0.10
"9624781","C","RANUACR",0.10
"9624781","C","VIOLGLA",0.50
"9624804","C","EQUIARV",0.50
"9624804","C","CORNCAN",5.00
"9624804","C","PYROASA",0.20
"9624804","C","MITENUD",0.10
"9624804","C","LATHNEV",2.00
"9624804","C","GYMNDRY",10.00
"9624804","C","ORTHSEC",0.30
"9624804","C","GALITRF",0.20
"9624804","C","LINNBOR",0.10
"9624804","C","SYMPCII",0.10
"9624804","C","PETAFRI3",2.00
"9624804","C","CHAMANG",3.00
"9624804","C","CALACAN",5.00
"Cb13011","C","Saxitri",17.00
"Cb13011","C","Drabcin",1.00
"Cb13011","C","Saliarc",3.00
"Cb13011","C","POA_GLA",7.00
"Cb13011","C","Oxytarc",3.00
"Cb13011","C","Oxytmay",0.20
"Cb13011","C","Astralp",0.20
"Cb13011","C","Saxiopp",1.00
"Cb13011","C","Drabniv",0.20
"Cb13011","C","Stellon",0.20
"Cb13011","C","Dryaint",0.20
"Cb13011","C","SABURUB",0.20
"Cb13011","C","Oxytnig",0.50
"Cb13011","C","Drabalp",0.20
"HLB056","C","CORNCAN",4.00
"HLB056","C","CAREX",0.50
"HLB056","C","GENTDOU",0.20
"HLB056","C","EMPENIG",4.00
"HLB056","C","PHYLEMP",8.00
"HLB056","C","VACCCAE",4.00
"HLB056","C","MICRBOR",0.20
"HLB056","C","KALMMIC",4.00
"HLB056","C","NEPHCRI",4.00
"L153","C","EQUIARV",40.00
"L153","C","MITENUD",1.00
"L153","C","CARESTY",1.00
"L153","C","CORNCAN",1.00
"L153","C","ANEMRIC",1.00
"L153","C","EQUISCI",1.00
"L153","C","VIOLA",0.50
"L153","C","RUBUPUB",5.00
"L153","C","CARECOI",0.50
"L153","C","GLYCSTR",1.00
"L153","C","GALIBOR",1.00
"L153","C","CARETRS",1.00
"L185","C","CIRCALP",5.00
"L185","C","EQUIARV",20.00
"L185","C","ARALNUD",0.50
"L185","C","CORNCAN",10.00
"L185","C","MITELLA",1.00
"L185","C","CINNLAT",0.50
"L185","C","VIOLA",0.50
"L185","C","GALITRD",0.50
"L185","C","GOODREP",1.00
"L185","C","RUBUPUB",10.00
"L185","C","ORTHSEC",1.00
"MAHA05","C","STRUSPI",0.50
"MAHA05","C","NEPHCRI",2.00
"MAHA05","C","CORNCAN",2.00
"MAHA05","C","CARENIG",2.00
"MAHA05","C","VACCCAE",4.00
"MAHA05","C","CAREOBN",0.50
"MAHA05","C","RUBUPED",2.00
"MAHA05","C","COPTASP",0.50
"MAHA05","C","PHYLEMP",42.00
"QCIL6","C","STRELAN",1.00
"QCIL6","C","CALTBIF",1.00
"QCIL6","C","VERAVIR",2.00
"QCIL6","C","NEPHCRI",0.10
"QCIL6","C","NEOTCOR",0.10
"QCIL6","C","HUPECON",0.10
"QCIL6","C","CAREX",0.10
"QCIL6","C","VIOLGLA",0.10
"QCIL6","C","COPTASP",0.10
"QCIL6","C","LUZUPAR",0.10
"QCIL6","C","STRUSPI",0.10
"QCIL6","C","RUBUPED",0.10
"QCIL6","C","TIARTRI",0.50
"QCIL6","C","LYCOCLA",0.10
"QCIL6","C","MONEUNI",0.10
"QCIQ10","C","COPTASP",0.50
"QCIQ10","C","STRELAN",0.50
"QCIQ10","C","CAREX",2.00
"QCIQ10","C","RUBUPED",0.50
"QCIQ10","C","HARRSTE",1.00
"QCIQ10","C","VERAVIR",2.00
"QCIQ10","C","TIARTRI",0.50
"QCIQ10","C","LUZULA",0.50
"QCIQ10","C","CALANUT",10.00
"QCIQ10","C","HUPECON",0.50
"QCIQ10","C","STRUSPI",0.50
"QCIQ14","C","STRUSPI",0.50
"QCIQ14","C","HARRSTE",60.00
"QCIQ14","C","TIARTRI",0.50
"QCIQ14","C","COPTASP",0.50
"QCIQ14","C","NEPHCRI",0.50
"QCIQ14","C","CAREX",1.00
"QCIQ14","C","CORNCAN",0.50
"QCIQ14","C","RUBUPED",0.50
"QCIQ14","C","VERAVIR",1.00
"R0126","C","ARCTLAT",0.10
"R0126","C","POLEACU",0.10
"R0126","C","MITENUD",2.00
"R0126","C","LINNBOR",4.00
"R0126","C","FRAGVIR",0.10
"R0126","C","PYROASA",0.10
"R0126","C","LEYMINN",5.00
"R0126","C","ASTRAME",0.10
"R0126","C","CORNCAN",2.00
"R0126","C","EQUIPRA",75.00
"R0126","C","CHAMANG",2.00
"R0126","C","EQUIARV",15.00
"R0126","C","MERTPAN",5.00
"R0126","C","PETAFRI3",5.00
"R0126","C","VACCVIT",3.00
"R3027","C","ARCTLAT",0.10
"R3027","C","ARTETIL",0.10
"R3027","C","EQUIPRA",5.00
"R3027","C","LINNBOR",10.00
"R3027","C","DELPGLA",0.10
"R3027","C","RUBUPUB",1.00
"R3027","C","PETAFRI3",2.00
"R3027","C","OSMORHI",0.10
"R3027","C","CYPRIPE",0.10
"R3027","C","CORNCAN",7.00
"R3027","C","MERTPAN",2.00
"R3027","C","ORTHSEC",4.00
"R3027","C","MITENUD",1.00
"R3039","C","LYCOANN",1.00
"R3039","C","MITENUD",2.00
"R3039","C","CHAMANG",1.00
"R3039","C","GALIBOR",1.00
"R3039","C","VACCVIT",1.00
"R3039","C","MERTPAN",5.00
"R3039","C","EQUIPRA",50.00
"R3039","C","CALACAN",1.00
"R3039","C","CORNCAN",8.00
"R3039","C","RUBUPUB",2.00
"R3039","C","LINNBOR",4.00
"R3039","C","ARTETIL",1.00
"108050","D","PINUCON",1.00
"108050","D","BUCKUND",5.00
"108050","D","PLEUSCH",10.00
"108050","D","DICRFUS",10.00
"108050","D","DREPADU",1.56
"108050","D","ABIELAS",1.00
"108050","D","CLADRAN",0.01
"108050","D","THUJPLI",7.00
"108050","D","MNIUM",5.00
"108050","D","DICRSCO",10.00
"108050x","D","CLADRAN",2.00
"108050x","D","DREPADU",1.56
"108050x","D","DICRSCO",10.00
"108050x","D","DICRFUS",10.00
"108050x","D","PLEUSCH",10.00
"108050x","D","MNIUM",5.00
"108050x","D","BUCKUND",5.00
"1976021","D","HYLOSPL",63.00
"1976022","D","PLATJUN",0.20
"1976022","D","MNIUMAR",0.20
"1976022","D","PLAGROS",0.20
"1976022","D","EURHPUL",0.20
"1976022","D","BLEPTRI",0.20
"1976022","D","CAMPHIP",0.20
"1976022","D","CLADFIM",0.20
"1976022","D","HYLOSPL",63.00
"1976022","D","DISTCAP",0.20
"1976022","D","LEPIREP",0.20
"1976022","D","PTILCRI",18.00
"1976022","D","DITRHET",0.20
"1976022","D","POHLNUT",0.20
"1976025","D","PLAGCIL",0.20
"1976025","D","HYLOSPL",42.00
"1976025","D","PTILCRI",8.00
"1976025","D","CAMPHIP",0.20
"1976025","D","MNIUSPN",0.20
"1976025","D","POHLNUT",0.20
"1976025","D","CAMPCHY",0.20
"1976039","D","PLEUSCH",18.00
"1976039","D","PELTAPH",0.50
"1976039","D","PELTCAN",2.00
"1976039","D","PTILCRI",18.00
"1976039","D","HYLOSPL",18.00
"1976039","D","NEPHHEL",0.20
"1976071","D","BRACREF",0.20
"1976071","D","PLAGDRU",0.20
"1976071","D","HYLOSPL",8.00
"1976071","D","PLEUSCH",4.00
"1976071","D","PLAGELL",4.00
"1976071","D","PLAGMED",0.20
"1976071","D","RHYTTRI",2.00
"1976071","D","PTILCRI",4.00
"1976072","D","PTILCRI",0.20
"1976072","D","BRACOED",0.20
"1976072","D","PLAGRUP",0.20
"1976072","D","CINCSTY",4.00
"1976072","D","HYPNLIN",0.20
"1976072","D","RHYTTRI",18.00
"1976072","D","PLAGASP",0.20
"1976075","D","HYLOSPL",4.00
"1976080","D","PLEUSCH",0.50
"1976080","D","PLAGCUS",0.20
"1976080","D","PTILCRI",4.00
"1976080","D","HYLOSPL",63.00
"1976080","D","THUIREC",0.20
"1976080","D","BRACREF",0.20
"202050","D","RHYTLOR",0.50
"202050","D","PLEUSCH",0.50
"202050","D","PELTAPH",5.00
"202050","D","CLADBEL",0.50
"202050","D","TSUGMER",7.00
"202050","D","CLADRAN",0.50
"202050","D","HYLOSPL",0.50
"202050","D","DICRSCO",0.50
"406250","D","PINUCON1",5.00
"406250","D","MNIUM",8.00
"406250","D","PLEUSCH",5.00
"406250","D","TIMMAUS",15.00
"406250","D","TIMMNOR1",5.00
"406250","D","HYLOSPL",35.00
"406250","D","PTILCRI",35.00
"412150","D","PELTDID",0.50
"412150","D","CLIMDEN",30.00
"412150","D","TOMENIT",1.00
"412150","D","PTILCRI",3.00
"412150","D","RHYTTRI",5.00
"412150","D","TIMMAUS",20.00
"412150","D","AULAPAL",3.00
"412150","D","PLEUSCH",10.00
"412150","D","HYLOSPL",15.00
"412150","D","PELTMEM",1.00
"412150","D","PELTAPH",0.50
"412150","D","SANIUNC",7.00
"412150","D","RHIZGLB",1.00
"412150","D","MNIUM",1.00
"412250","D","POLYSTR",0.50
"412250","D","CLADDEF",0.50
"412250","D","TOMENIT",5.00
"412250","D","CLADMIT",0.50
"412250","D","SPHAGNU",40.00
"412250","D","PLEUSCH",3.00
"412250","D","CLADGRA",0.50
"412250","D","HYLOSPL",45.00
"412250","D","PELTAPH",2.00
"412250","D","SPHACAI",35.00
"412250","D","AULAPAL",7.00
"412250","D","ICMAERI",0.50
"412250","D","PTILCRI",20.00
"412350","D","PELTMAL",0.10
"412350","D","PTILCRI",35.00
"412350","D","PELTAPH",0.10
"412350","D","HYLOSPL",55.00
"412350","D","SANIUNC",1.00
"412350","D","BRACHYT",1.00
"412450","D","PELTAPH",1.00
"412450","D","SANIUNC",3.00
"412450","D","PELTMEM",0.10
"412450","D","CLADCHL",0.10
"412450","D","BRACHYT",7.00
"412450","D","POLYCOM",0.10
"412450","D","PTILCRI",30.00
"412450","D","HYLOSPL",45.00
"412450","D","PLEUSCH",2.00
"5760454","D","HYLOSPL",5.00
"5760463","D","PLAGINS",5.00
"5760808","D","AULAPAL",5.00
"5760808","D","TOMENIT",7.00
"5760808","D","HYLOSPL",7.00
"5760808","D","PTILCRI",7.00
"5760808","D","MNIUM",5.00
"5760808","D","SPHACAI",7.00
"579279","D","DICRFUS",3.00
"579279","D","CLADCAN",1.00
"579279","D","HYLOSPL",3.00
"579279","D","RHYTLOR",8.00
"579279","D","RACOLAN",3.00
"579279","D","CLADONI",0.50
"8229723","D","MNIUM",2.00
"8229723","D","TOMENIT",0.50
"8229723","D","DICRANU",1.00
"8229723","D","SPHACAI",0.10
"8229723","D","HYLOSPL",75.00
"8229723","D","BARBILO",1.00
"8229723","D","PELTAPH",0.10
"8229723","D","PLEUSCH",15.00
"8229723","D","PTILCRI",3.00
"8428935","D","MNIUM",5.00
"8428935","D","BRACHYT",5.00
"8428935","D","HYLOSPL",10.00
"8428935","D","PTILCRI",15.00
"8428942","D","PTILCRI",15.00
"8428942","D","PELTAPH",0.50
"8428942","D","PELTCIN",0.50
"8428942","D","PLEUSCH",80.00
"8428963","D","PLEUSCH",80.00
"8428963","D","HYLOSPL",15.00
"8428963","D","PTILCRI",5.00
"8428970","D","TIMMAUS",20.00
"8428970","D","HYLOSPL",10.00
"8428970","D","PELTIGE",0.50
"8428970","D","PTILCRI",50.00
"8428970","D","PLAGMED",0.50
"8428970","D","PLEUSCH",0.50
"8428975","D","TIMMAUS",5.00
"8428975","D","PELTAPH",0.50
"8428975","D","BARBLYC",1.00
"8428975","D","PELTIGE",0.50
"8428975","D","HYLOSPL",25.00
"8428975","D","PLAGMED",0.50
"8428975","D","PLEUSCH",25.00
"8428975","D","PTILCRI",40.00
"8529415","D","AULAPAL",15.00
"8529415","D","DICRPOL",0.50
"8529415","D","PLEUSCH",5.00
"8529415","D","PTILCRI",5.00
"8529415","D","HYLOSPL",30.00
"8529415","D","TOMENIT",0.50
"8529415","D","RHIZPUN",22.00
"8529649","D","MARCPOL",3.00
"8529649","D","HYLOSPL",60.00
"8529649","D","POHLNUT",1.00
"8529649","D","BRACOED",3.00
"8529649","D","PLEUSCH",20.00
"8529649","D","PTILCRI",8.00
"8529649","D","POLYCOM",5.00
"8529649","D","PELTCAN",1.00
"8529649","D","AULAPAL",2.00
"8529649","D","PLAGMED",2.00
"8529670","D","TOMENIT",5.00
"8529670","D","DICRPOL",3.00
"8529670","D","DICRACU",1.00
"8529670","D","PLAGELL",1.00
"8529670","D","SANIUNC",0.50
"8529670","D","BRACSAL",3.00
"8529670","D","AULAPAL",35.00
"8529670","D","PELTCAN",1.00
"8529670","D","PELTAPH",3.00
"8529670","D","BARBLYC",0.50
"8529670","D","PLEUSCH",1.00
"8529670","D","CLADGRA",0.10
"8529670","D","HYLOSPL",45.00
"8529675","D","CLADMIT",0.20
"8529675","D","LEPTPYR",2.00
"8529675","D","MYURJUL",0.50
"8529675","D","AULAPAL",20.00
"8529675","D","CLADPYX",0.10
"8529675","D","PELTAPH",0.50
"8529675","D","MNIUMAR",2.00
"8529675","D","DISTCAP",3.00
"8529675","D","AMBLSER1",3.00
"8529675","D","HYLOSPL",65.00
"8529675","D","PLAGMED",6.00
"8529675","D","PELTCIN",4.00
"8529676","D","TIMMAUS",2.00
"8529676","D","DISTCAP",3.00
"8529676","D","PELTHOR",0.50
"8529676","D","PLATJUN",0.50
"8529676","D","LEPTPYR",0.20
"8529676","D","PLEUSCH",20.00
"8529676","D","RHYTTRI",0.30
"8529676","D","PELTMEM",1.00
"8529676","D","PTILCRI",10.00
"8529676","D","SANIUNC",4.00
"8529676","D","HYLOSPL",50.00
"8529676","D","EURHPUL",6.00
"8630146","D","HYLOSPL",60.00
"8630146","D","PTILCRI",10.00
"8630146","D","PLEUSCH",40.00
"8630146","D","POLYCOM",10.00
"8630146","D","AULAPAL",13.00
"9003002","D","BRACHYT",0.50
"9003002","D","PTILCRI",0.50
"9003002","D","STEREOC",0.50
"9003043","D","PTILCRI",10.00
"9003043","D","HYLOSPL",1.00
"9003104","D","PTILCRI",5.00
"9003104","D","MNIUM",30.00
"9003104","D","CONOSAL",0.50
"9003104","D","BRACHYT",15.00
"9003104","D","PLEUSCH",5.00
"961167","D","PLAGMED",1.00
"961167","D","BRACHYT",1.00
"9611965","D","MNIUM",0.10
"9611965","D","BRACHYT",1.00
"9611967","D","SANIUNC",0.10
"9611967","D","PLAGMED",3.00
"9611967","D","RHIZPSE",15.00
"9611967","D","HYLOSPL",10.00
"9611967","D","PLEUSCH",10.00
"9611967","D","BRACHYT",5.00
"9611967","D","MARCPOL",0.10
"9611967","D","AULAPAL",1.00
"9611967","D","SCAPANI",0.10
"9611967","D","DICRBRE",0.10
"9624781","D","MARCPOL",0.10
"9624781","D","BRACHYT",15.00
"9624781","D","PLAGASP",5.00
"9624804","D","PTILCRI",1.00
"9624804","D","PLEUSCH",3.00
"9624804","D","HYLOSPL",1.00
"9624804","D","RHIZGLB",2.00
"9624804","D","BRACHYT",3.00
"Cb13011","D","FLAVNIV",0.20
"Cb13011","D","Cerapur",1.00
"Cb13011","D","SYNTRUR",1.00
"Cb13011","D","Thamver",1.00
"Cb13011","D","Cladarb",0.10
"Cb13011","D","Cladunc",0.10
"HLB056","D","PLEUSCH",15.00
"HLB056","D","LOBALIN",0.20
"HLB056","D","RHYTLOR",8.00
"HLB056","D","HYLOSPL",4.00
"HLB056","D","CLADINA",16.00
"HLB056","D","MYLITAY",2.00
"L153","D","DREPANO",1.00
"L153","D","BRYUM",1.00
"L153","D","MNIUM",5.00
"L153","D","DICRANU",1.00
"L185","D","PELTAPH",0.50
"L185","D","RHYTTRI",10.00
"L185","D","MNIUM",5.00
"L185","D","HYLOSPL",20.00
"L185","D","PLAGIOT",1.00
"L185","D","PTILCRI",5.00
"MAHA05","D","CLADINA",4.00
"MAHA05","D","RHYTLOR",15.00
"MAHA05","D","HYLOSPL",2.00
"MAHA05","D","DICRPAI",4.00
"MAHA05","D","SPHAGIR",15.00
"QCIL6","D","BUCKUND",0.10
"QCIL6","D","SCAPBOL",0.10
"QCIL6","D","EURHPRA",0.10
"QCIL6","D","SPHAGNU",0.50
"QCIL6","D","PELLIA",0.10
"QCIL6","D","DICRFUS",5.00
"QCIL6","D","RHYTLOR",5.00
"QCIL6","D","RHYTROB",10.00
"QCIQ10","D","DICRFUS",5.00
"QCIQ10","D","SPHAGNU",1.00
"QCIQ10","D","RHIZGLB",1.00
"QCIQ10","D","POGONAT",1.00
"QCIQ10","D","PELLNEE",5.00
"QCIQ10","D","RHYTLOR",15.00
"QCIQ10","D","POLYALI1",1.00
"QCIQ10","D","SCAPBOL",2.00
"QCIQ14","D","DICRFUS",1.00
"QCIQ14","D","RHYTLOR",2.00
"QCIQ14","D","BUCKUND",0.50
"QCIQ14","D","HYLOSPL",0.50
"QCIQ14","D","RHYTROB",1.00
"QCIQ14","D","SCAPBOL",5.00
"QCIQ14","D","SPHAGNU",4.00
"QCIQ14","D","LOBARIA",1.00
"R0126","D","BRACHYT",0.10
"R0126","D","PLAGMED",20.00
"R0126","D","HYLOSPL",15.00
"R0126","D","PTILCRI",5.00
"R0126","D","TOMENIT",0.10
"R0126","D","PLAGELL",0.10
"R0126","D","HYPNPRA",0.10
"R3027","D","PELTAPH",0.10
"R3027","D","PTILCRI",40.00
"R3027","D","PLEUSCH",13.00
"R3027","D","HYLOSPL",40.00
"R3027","D","RHYTTRI",2.00
"R3027","D","PLAGMED",1.00
"R3039","D","PTILCRI",15.00
"R3039","D","PLEUSCH",35.00
"R3039","D","MNIUM",5.00
"R3039","D","HYLOSPL",40.00
"R3039","D","BRACHYT",5.00
