"Zone","SubZone","ZoneDescription","SubZoneVarDescription"
"AT","un","Alpine Tundra","Undifferentiated"
"AT","unp","Alpine Tundra","Undifferentiated and Parkland"
"BAFA","un","Boreal Altai Fescue Alpine","Undifferentiated"
"BAFA","unp","Boreal Altai Fescue Alpine","Undifferentiated and Parkland"
"BG","un","Bunchgrass","Undifferentiated"
"BG","xh1","Bunchgrass","Okanagan Very Dry Hot"
"BG","xh2","Bunchgrass","Thompson Very Dry Hot"
"BG","xh3","Bunchgrass","Fraser Very Dry Hot"
"BG","xw1","Bunchgrass","Nicola Very Dry Warm"
"BG","xw2","Bunchgrass","Alkali Very Dry Warm"
"BWBS","dk","Boreal White and Black Spruce","Dry Cool"
"BWBS","dk1","Boreal White and Black Spruce","Stikine Dry Cool"
"BWBS","dk2","Boreal White and Black Spruce","Liard Dry Cool"
"BWBS","mk","Boreal White and Black Spruce","Moist Cool"
"BWBS","mw","Boreal White and Black Spruce","Moist Warm"
"BWBS","mw1","Boreal White and Black Spruce","Peace Moist Warm"
"BWBS","mw2","Boreal White and Black Spruce","Fort Nelson Moist Warm"
"BWBS","un","Boreal White and Black Spruce","Undifferentiated"
"BWBS","vk","Boreal White and Black Spruce","Very Wet Cool"
"BWBS","wk1","Boreal White and Black Spruce","Murray Wet Cool"
"BWBS","wk2","Boreal White and Black Spruce","Graham Wet Cool"
"BWBS","wk3","Boreal White and Black Spruce","Kledo Wet Cool"
"CDF","mm","Coastal Douglas-fir","Moist Maritime"
"CDF","un","Coastal Douglas-fir","Undifferentiated"
"CMA","un","Coastal Mountain-heather Alpine","Undifferentiated"
"CMA","unp","Coastal Mountain-heather Alpine","Undifferentiated and Parkland"
"CWH","dm","Coastal Western Hemlock","Dry Maritime"
"CWH","ds1","Coastal Western Hemlock","Southern Dry Submaritime"
"CWH","ds2","Coastal Western Hemlock","Central Dry Submaritime"
"CWH","mm1","Coastal Western Hemlock","Submontane Moist Maritime"
"CWH","mm2","Coastal Western Hemlock","Montane Moist Maritime"
"CWH","ms1","Coastal Western Hemlock","Southern Moist Submaritime"
"CWH","ms2","Coastal Western Hemlock","Central Moist Submaritime"
"CWH","un","Coastal Western Hemlock","Undifferentiated"
"CWH","vh1","Coastal Western Hemlock","Southern Very Wet Hypermaritime"
"CWH","vh2","Coastal Western Hemlock","Central Very Wet Hypermaritime"
"CWH","vm","Coastal Western Hemlock","Very Wet Maritime"
"CWH","vm1","Coastal Western Hemlock","Submontane Very Wet Maritime"
"CWH","vm2","Coastal Western Hemlock","Montane Very Wet Maritime"
"CWH","vm3","Coastal Western Hemlock","Central Very Wet Maritime"
"CWH","wh1","Coastal Western Hemlock","Submontane Wet Hypermaritime"
"CWH","wh2","Coastal Western Hemlock","Montane Wet Hypermaritime"
"CWH","wm","Coastal Western Hemlock","Wet Maritime"
"CWH","ws1","Coastal Western Hemlock","Submontane Wet Submaritime"
"CWH","ws2","Coastal Western Hemlock","Montane Wet Submaritime"
"CWH","xm","Coastal Western Hemlock","Very Dry Maritime"
"CWH","xm1","Coastal Western Hemlock","Eastern Very Dry Maritime"
"CWH","xm2","Coastal Western Hemlock","Western Very Dry Maritime"
"ESSF","dc1","Engelmann Spruce -- Subalpine Fir","Okanagan Dry Cold"
"ESSF","dc2","Engelmann Spruce -- Subalpine Fir","Cascade Dry Cold"
"ESSF","dc3","Engelmann Spruce -- Subalpine Fir","North Thompson Dry Cold"
"ESSF","dcp","Engelmann Spruce -- Subalpine Fir","Dry Cold Parkland"
"ESSF","dcp1","Engelmann Spruce -- Subalpine Fir","Okanagan Dry Cold Parkland"
"ESSF","dcp2","Engelmann Spruce -- Subalpine Fir","Thompson Dry Cold Parkland"
"ESSF","dcw","Engelmann Spruce -- Subalpine Fir","Dry Cold Woodland"
"ESSF","dk","Engelmann Spruce -- Subalpine Fir","Dry Cool"
"ESSF","dk1","Engelmann Spruce -- Subalpine Fir","Elk Dry Cool"
"ESSF","dk2","Engelmann Spruce -- Subalpine Fir","Columbia Dry Cool"
"ESSF","dkp","Engelmann Spruce -- Subalpine Fir","Dry Cool Parkland"
"ESSF","dku","Engelmann Spruce -- Subalpine Fir","Dry Cool Woodland and Parkland"
"ESSF","dkw","Engelmann Spruce -- Subalpine Fir","Dry Cool Woodland"
"ESSF","dm","Engelmann Spruce -- Subalpine Fir","Dry Mild"
"ESSF","dm1","Engelmann Spruce -- Subalpine Fir","Southeast Kootenay Dry Mild"
"ESSF","dmp","Engelmann Spruce -- Subalpine Fir","Dry Mild Parkland"
"ESSF","dmw","Engelmann Spruce -- Subalpine Fir","Dry Mild Woodland"
"ESSF","dv","Engelmann Spruce -- Subalpine Fir","Dry Very Cold"
"ESSF","dv d","Engelmann Spruce -- Subalpine Fir","Dry Very Cold - Dry phase"
"ESSF","dv1","Engelmann Spruce -- Subalpine Fir","Cayoosh Dry Very Cold"
"ESSF","dv2","Engelmann Spruce -- Subalpine Fir","Tyaughton Dry Very Cold"
"ESSF","dvp","Engelmann Spruce -- Subalpine Fir","Dry Very Cold Parkland"
"ESSF","dvw","Engelmann Spruce -- Subalpine Fir","Dry Very Cold Woodland"
"ESSF","mc","Engelmann Spruce -- Subalpine Fir","Moist Cold"
"ESSF","mcp","Engelmann Spruce -- Subalpine Fir","Moist Cold Parkland"
"ESSF","mk","Engelmann Spruce -- Subalpine Fir","Moist Cool"
"ESSF","mkp","Engelmann Spruce -- Subalpine Fir","Moist Cool Parkland"
"ESSF","mm1","Engelmann Spruce -- Subalpine Fir","Raush Moist Mild"
"ESSF","mm2","Engelmann Spruce -- Subalpine Fir","Robson Moist Mild"
"ESSF","mmp","Engelmann Spruce -- Subalpine Fir","Moist Mild Parkland"
"ESSF","mmp1","Engelmann Spruce -- Subalpine Fir","Raush Moist Mild Parkland"
"ESSF","mmp2","Engelmann Spruce -- Subalpine Fir","Robson Moist Mild Parkland"
"ESSF","mmw","Engelmann Spruce -- Subalpine Fir","Moist Mild Woodland"
"ESSF","mv1","Engelmann Spruce -- Subalpine Fir","Nechako Moist Very Cold"
"ESSF","mv2","Engelmann Spruce -- Subalpine Fir","Bullmoose Moist Very Cold"
"ESSF","mv3","Engelmann Spruce -- Subalpine Fir","Omineca Moist Very Cold"
"ESSF","mv4","Engelmann Spruce -- Subalpine Fir","Graham Moist Very Cold"
"ESSF","mvp","Engelmann Spruce -- Subalpine Fir","Moist Very Cold Parkland"
"ESSF","mvp1","Engelmann Spruce -- Subalpine Fir","Nechako Moist Very Cold Parkland"
"ESSF","mvp2","Engelmann Spruce -- Subalpine Fir","Bullmoose Moist Very Cold Parkland"
"ESSF","mvp3","Engelmann Spruce -- Subalpine Fir","Omineca Moist Very Cold Parkland"
"ESSF","mvp4","Engelmann Spruce -- Subalpine Fir","Graham Moist Very Cold Parkland"
"ESSF","mw","Engelmann Spruce -- Subalpine Fir","Moist Warm"
"ESSF","mw h","Engelmann Spruce -- Subalpine Fir","Moist Warm - Hemlock phase"
"ESSF","mw1","Engelmann Spruce -- Subalpine Fir","Cascade Moist Warm"
"ESSF","mw2","Engelmann Spruce -- Subalpine Fir","Stein Moist Warm"
"ESSF","mwp","Engelmann Spruce -- Subalpine Fir","Moist Warm Parkland"
"ESSF","mww","Engelmann Spruce -- Subalpine Fir","Moist Warm Woodland"
"ESSF","un","Engelmann Spruce -- Subalpine Fir","Undifferentiated"
"ESSF","unp","Engelmann Spruce -- Subalpine Fir","Undifferentiated Parkland"
"ESSF","vc","Engelmann Spruce -- Subalpine Fir","Very Wet Cold"
"ESSF","vcp","Engelmann Spruce -- Subalpine Fir","Very Wet Cold Parkland"
"ESSF","vcw","Engelmann Spruce -- Subalpine Fir","Very Wet Cold Woodland"
"ESSF","vv","Engelmann Spruce -- Subalpine Fir","Very Wet Very Cold"
"ESSF","vvp","Engelmann Spruce -- Subalpine Fir","Very Wet Very Cold Parkland"
"ESSF","wc1","Engelmann Spruce -- Subalpine Fir","Columbia Wet Cold"
"ESSF","wc2","Engelmann Spruce -- Subalpine Fir","Monashee Wet Cold"
"ESSF","wc2w","Engelmann Spruce -- Subalpine Fir","Monashee Wet Cold - Warm phase"
"ESSF","wc3","Engelmann Spruce -- Subalpine Fir","Cariboo Wet Cold"
"ESSF","wc4","Engelmann Spruce -- Subalpine Fir","Selkirk Wet Cold"
"ESSF","wc5","Engelmann Spruce -- Subalpine Fir","Salmo Wet Cold"
"ESSF","wc6","Engelmann Spruce -- Subalpine Fir","Ymir Wet Cold"
"ESSF","wcp","Engelmann Spruce -- Subalpine Fir","Wet Cold Parkland"
"ESSF","wcp2","Engelmann Spruce -- Subalpine Fir","Northern Wet Cold Parkland"
"ESSF","wcp3","Engelmann Spruce -- Subalpine Fir","Cariboo Wet Cold Parkland"
"ESSF","wcp4","Engelmann Spruce -- Subalpine Fir","Selkirk Wet Cold Parkland"
"ESSF","wcw","Engelmann Spruce -- Subalpine Fir","Wet Cold Woodland"
"ESSF","wk1","Engelmann Spruce -- Subalpine Fir","Cariboo Wet Cool"
"ESSF","wk2","Engelmann Spruce -- Subalpine Fir","Misinchinka Wet Cool"
"ESSF","wkp","Engelmann Spruce -- Subalpine Fir","Wet Cool Parkland"
"ESSF","wm","Engelmann Spruce -- Subalpine Fir","Wet Mild"
"ESSF","wmp","Engelmann Spruce -- Subalpine Fir","Wet Mild Parkland"
"ESSF","wmu","Engelmann Spruce -- Subalpine Fir","Wet Mild Woodland and Parkland"
"ESSF","wmw","Engelmann Spruce -- Subalpine Fir","Wet Mild Woodland"
"ESSF","wv","Engelmann Spruce -- Subalpine Fir","Wet Very Cold"
"ESSF","wvp","Engelmann Spruce -- Subalpine Fir","Wet Very Cold Parkland"
"ESSF","xc","Engelmann Spruce -- Subalpine Fir","Very Dry Cold"
"ESSF","xc1","Engelmann Spruce -- Subalpine Fir","Similkameen Very Dry Cold"
"ESSF","xc2","Engelmann Spruce -- Subalpine Fir","Thompson Very Dry Cold"
"ESSF","xc3","Engelmann Spruce -- Subalpine Fir","Pavillion Very Dry Cold"
"ESSF","xcp","Engelmann Spruce -- Subalpine Fir","Very Dry Cold Parkland"
"ESSF","xcw","Engelmann Spruce -- Subalpine Fir","Very Dry Cold Woodland"
"ESSF","xv1","Engelmann Spruce -- Subalpine Fir","West Chilcotin Very Dry Very Cold"
"ESSF","xv2","Engelmann Spruce -- Subalpine Fir","Big Creek Very Dry Very Cold"
"ESSF","xvp","Engelmann Spruce -- Subalpine Fir","Very Dry Very Cold Parkland"
"ESSF","xvp1","Engelmann Spruce -- Subalpine Fir","Very Dry Very Cold Parkland"
"ESSF","xvp2","Engelmann Spruce -- Subalpine Fir","Very Dry Very Cold Parkland"
"ESSF","xvw","Engelmann Spruce -- Subalpine Fir","Very Dry Very Cold Woodland"
"ICH","dk","Interior Cedar -- Hemlock","Dry Cool"
"ICH","dm","Interior Cedar -- Hemlock","Dry Mild"
"ICH","dw","Interior Cedar -- Hemlock","Dry Warm"
"ICH","dw1","Interior Cedar -- Hemlock","West Kootenay Dry Warm"
"ICH","dw2","Interior Cedar -- Hemlock","Boundary Dry Warm"
"ICH","dw3","Interior Cedar -- Hemlock","North Thompson Dry Warm"
"ICH","mc1","Interior Cedar -- Hemlock","Nass Moist Cold"
"ICH","mc1a","Interior Cedar -- Hemlock","Nass Moist Cold - Amabilis fir phase"
"ICH","mc2","Interior Cedar -- Hemlock","Hazelton Moist Cold"
"ICH","mk1","Interior Cedar -- Hemlock","Okanagan Moist Cool"
"ICH","mk2","Interior Cedar -- Hemlock","Thompson Moist Cool"
"ICH","mk3","Interior Cedar -- Hemlock","Horsefly Moist Cool"
"ICH","mk4","Interior Cedar -- Hemlock","Kootenay Moist Cool"
"ICH","mm","Interior Cedar -- Hemlock","Moist Mild"
"ICH","mw1","Interior Cedar -- Hemlock","Kinbasket Moist Warm"
"ICH","mw2","Interior Cedar -- Hemlock","Shuswap Moist Warm"
"ICH","mw3","Interior Cedar -- Hemlock","Thompson Moist Warm"
"ICH","mw4","Interior Cedar -- Hemlock","Ymir Moist Warm"
"ICH","un","Interior Cedar -- Hemlock","Undifferentiated"
"ICH","vc","Interior Cedar -- Hemlock","Very Wet Cold"
"ICH","vk1","Interior Cedar -- Hemlock","Columbia Very Wet Cool"
"ICH","vk1c","Interior Cedar -- Hemlock","Columbia Very Wet Cool - Cold Air phase"
"ICH","vk2","Interior Cedar -- Hemlock","Slim Very Wet Cool"
"ICH","wc","Interior Cedar -- Hemlock","Wet Cold"
"ICH","wk1","Interior Cedar -- Hemlock","Shuswap Wet Cool"
"ICH","wk1c","Interior Cedar -- Hemlock","Shuswap Wet Cool - Cold Air phase"
"ICH","wk2","Interior Cedar -- Hemlock","Quesnel Wet Cool"
"ICH","wk3","Interior Cedar -- Hemlock","Goat Wet Cool"
"ICH","wk4","Interior Cedar -- Hemlock","Cariboo Wet Cool"
"ICH","xw","Interior Cedar -- Hemlock","Very Dry Warm"
"IDF","dc","Interior Douglas-fir","Dry Cold"
"IDF","dk1","Interior Douglas-fir","Thompson Dry Cool"
"IDF","dk1a","Interior Douglas-fir","Thompson Dry Cool - Grassland phase"
"IDF","dk1b","Interior Douglas-fir","Thompson Dry Cool - Steep South phase"
"IDF","dk2","Interior Douglas-fir","Cascade Dry Cool"
"IDF","dk2a","Interior Douglas-fir","Cascade Dry Cool - Grassland phase"
"IDF","dk2b","Interior Douglas-fir","Cascade Dry Cool - Steep South phase"
"IDF","dk3","Interior Douglas-fir","Fraser Dry Cool"
"IDF","dk4","Interior Douglas-fir","Chilcotin Dry Cool"
"IDF","dk5","Interior Douglas-fir","Columbia Dry Cool"
"IDF","dm1","Interior Douglas-fir","Kettle Dry Mild"
"IDF","dm2","Interior Douglas-fir","Kootenay Dry Mild"
"IDF","dm2a","Interior Douglas-fir","Kootenay Dry Mild - Moist phase"
"IDF","dm2n","Interior Douglas-fir","Kootenay Dry Mild - Northern phase"
"IDF","dw","Interior Douglas-fir","Dry Warm"
"IDF","mw1","Interior Douglas-fir","Shuswap Moist Warm"
"IDF","mw2","Interior Douglas-fir","Thompson Moist Warm"
"IDF","mw2a","Interior Douglas-fir","Thompson Moist Warm - Grassland phase"
"IDF","mw2b","Interior Douglas-fir","Thompson Moist Warm - Steep South phase"
"IDF","un","Interior Douglas-fir","Undifferentiated"
"IDF","ww","Interior Douglas-fir","Wet Warm"
"IDF","ww1","Interior Douglas-fir","Stein Wet Warm"
"IDF","xc","Interior Douglas-fir","Very Dry Cold"
"IDF","xh1","Interior Douglas-fir","Okanagan Very Dry Hot"
"IDF","xh1a","Interior Douglas-fir","Okanagan Very Dry Hot - Grassland phase"
"IDF","xh1b","Interior Douglas-fir","Okanagan Very Dry Hot - Steep South phase"
"IDF","xh2","Interior Douglas-fir","Thompson Very Dry Hot"
"IDF","xh2a","Interior Douglas-fir","Thompson Very Dry Hot - Grassland phase"
"IDF","xh2b","Interior Douglas-fir","Thompson Very Dry Hot - Steep South phase"
"IDF","xh4","Interior Douglas-fir","Boundary Very Dry Hot"
"IDF","xk","Interior Douglas-fir","Very Dry Cool"
"IDF","xm","Interior Douglas-fir","Very Dry Mild"
"IDF","xw","Interior Douglas-fir","Very Dry Warm"
"IDF","xwa","Interior Douglas-fir","Very Dry Warm - Grassland phase"
"IDF","xwb","Interior Douglas-fir","Very Dry Warm - Steep South phase"
"IMA","un","Interior Mountain-heather Alpine","Undifferentiated"
"IMA","unp","Interior Mountain-heather Alpine","Undifferentiated and Parkland"
"MH","mm1","Mountain Hemlock","Windward Moist Maritime"
"MH","mm2","Mountain Hemlock","Leeward Moist Maritime"
"MH","mm2e","Mountain Hemlock","Leeward Moist Maritime - Engelmann phase"
"MH","mmp","Mountain Hemlock","Moist Maritime Parkland"
"MH","mmp1","Mountain Hemlock","Windward Moist Maritime Parkland"
"MH","mmp2","Mountain Hemlock","Leeward Moist Maritime Parkland"
"MH","mmp2e","Mountain Hemlock","Leeward Moist Maritime Parkland - Engelmann phase"
"MH","un","Mountain Hemlock","Undifferentiated"
"MH","unp","Mountain Hemlock","Undifferentiated Parkland"
"MH","wh","Mountain Hemlock","Wet Hypermaritime"
"MH","wh1","Mountain Hemlock","Windward Wet Hypermaritime"
"MH","wh2","Mountain Hemlock","Leeward Wet Hypermaritime"
"MH","whp","Mountain Hemlock","Wet Hypermaritime Parkland"
"MH","whp1","Mountain Hemlock","Windward Wet Hypermaritime Parkland"
"MH","whp2","Mountain Hemlock","Leeward Wet Hypermaritime Parkland"
"MS","dc1","Montane Spruce","Cayoosh Dry Cold"
"MS","dc1d","Montane Spruce","Bridge Dry Cold - Dry phase"
"MS","dc2","Montane Spruce","Tatlayoko Dry Cold"
"MS","dc3","Montane Spruce","Tyaughton Dry Cold"
"MS","dk","Montane Spruce","Dry Cool"
"MS","dk1","Montane Spruce","Elk Dry Cool"
"MS","dk2","Montane Spruce","Columbia Dry Cool"
"MS","dm1","Montane Spruce","Okanagan Dry Mild"
"MS","dm1a","Montane Spruce","Okanagan Dry Mild - Redcedar phase"
"MS","dm2","Montane Spruce","Cascade Dry Mild"
"MS","dm3","Montane Spruce","North Thompson Dry Mild"
"MS","dm3w","Montane Spruce","North Thompson Dry Mild - Warm phase"
"MS","dv","Montane Spruce","Dry Very Cold"
"MS","mw1","Montane Spruce","Cascade Moist Warm"
"MS","mw2","Montane Spruce","Stein Moist Warm"
"MS","un","Montane Spruce","Undifferentiated"
"MS","xk","Montane Spruce","Very Dry Cool"
"MS","xk1","Montane Spruce","Similkameen Very Dry Cool"
"MS","xk2","Montane Spruce","South Thompson Very Dry Cool"
"MS","xk3","Montane Spruce","Pavillion Very Dry Cool"
"MS","xv","Montane Spruce","Very Dry Very Cold  "
"PP","dh1","Ponderosa Pine","Kettle Dry Hot"
"PP","dh2","Ponderosa Pine","Kootenay Dry Hot"
"PP","un","Ponderosa Pine","Undifferentiated"
"PP","xh1","Ponderosa Pine","Okanagan Very Dry Hot"
"PP","xh1a","Ponderosa Pine","Okanagan Very Dry Hot - Grassland phase"
"PP","xh2","Ponderosa Pine","Thompson Very Dry Hot"
"PP","xh2a","Ponderosa Pine","Thompson Very Dry Hot - Grassland phase"
"PP","xh3","Ponderosa Pine","Kettle Very Dry Hot"
"SBPS","dc","Sub-Boreal Pine -- Spruce","Dry Cold  "
"SBPS","mc","Sub-Boreal Pine -- Spruce","Moist Cold"
"SBPS","mk","Sub-Boreal Pine -- Spruce","Moist Cool"
"SBPS","un","Sub-Boreal Pine -- Spruce","Undifferentiated"
"SBPS","xc","Sub-Boreal Pine -- Spruce","Very Dry Cold"
"SBS","dh","Sub-Boreal Spruce","Dry Hot"
"SBS","dh1","Sub-Boreal Spruce","McLennan Dry Hot"
"SBS","dh2","Sub-Boreal Spruce","Robson Dry Hot"
"SBS","dk","Sub-Boreal Spruce","Dry Cool"
"SBS","dw1","Sub-Boreal Spruce","Horsefly Dry Warm"
"SBS","dw2","Sub-Boreal Spruce","Blackwater Dry Warm"
"SBS","dw3","Sub-Boreal Spruce","Stuart Dry Warm"
"SBS","mc1","Sub-Boreal Spruce","Moffat Moist Cold"
"SBS","mc2","Sub-Boreal Spruce","Babine Moist Cold"
"SBS","mc3","Sub-Boreal Spruce","Kluskus Moist Cold"
"SBS","mh","Sub-Boreal Spruce","Moist Hot"
"SBS","mk1","Sub-Boreal Spruce","Mossvale Moist Cool"
"SBS","mk2","Sub-Boreal Spruce","Williston Moist Cool"
"SBS","mm","Sub-Boreal Spruce","Moist Mild"
"SBS","mw","Sub-Boreal Spruce","Moist Warm"
"SBS","un","Sub-Boreal Spruce","Undifferentiated"
"SBS","vk","Sub-Boreal Spruce","Very Wet Cool"
"SBS","wk1","Sub-Boreal Spruce","Willow Wet Cool"
"SBS","wk2","Sub-Boreal Spruce","Finlay-Peace Wet Cool"
"SBS","wk3","Sub-Boreal Spruce","Takla Wet Cool"
"SBS","wk3a","Sub-Boreal Spruce","Takla Wet Cool - Douglas-fir phase"
"SWB","dk","Spruce -- Willow -- Birch","Dry Cool"
"SWB","dks","Spruce -- Willow -- Birch","Dry Cool Scrub"
"SWB","mk","Spruce -- Willow -- Birch","Moist Cool"
"SWB","mks","Spruce -- Willow -- Birch","Moist Cool Scrub"
"SWB","un","Spruce -- Willow -- Birch","Undifferentiated"
"SWB","uns","Spruce -- Willow -- Birch","Undifferentiated Scrub"
"SWB","vk","Spruce -- Willow -- Birch","Very Wet Cool"
"SWB","vks","Spruce -- Willow -- Birch","Very Wet Cool Scrub"
