"Order","Topic","File"
20,"Data Relationships","Data Relationships.pdf"
30,"Creating a splinter project","Creating a splinter of a project.pdf"
40,"Merging two projects","Merging two VPro projects.pdf"
100,"Using the Veg Guide Summary",
100,"Assigning a macro button to the quick access toolbar",
100,"Plot profiling",
100,"Working with R",
100,"Checking for unmatched plots using a query",
100,"Create a site unit table with all project plots",
100,"How to show hidden USys and MSys objects",
100,"Finding missing plots and updating a SU table",
100,"Registering controls in Windows 7",
100,"Hierarchy - view parent name not ID",
100,"Importing a VPro 07 project",
15,"VPro Quick Start","VPro Quick Start.pdf"
10,"Access Trust Center settings for using VPro","Trust Center Settings for Installing VPro 15.pdf"
5,"Installing VPro","Installing VPro 15.pdf"
65,"Data quality filter","Data Quality Filter.pdf"
