"Project","User","PlotNumber","Table","EditField","EditWhen","BeforeEdit","AfterEdit","Restore","Flag","ID"
"Sample","puket",,"On",,6/12/2022 13:00:23,,,0,0,
"Sample","puket","406250","_Mineral","UpperDepth",6/15/2022 7:36:00,"0","3",0,0,-739035421
"Sample","puket","108050","_Mineral","LowerDepth",6/15/2022 7:36:32,"8","9",0,0,1012379914
"Sample","puket","108050","_Mineral","UpperDepth",6/15/2022 7:36:41,"8","14",0,0,-2127813489
"Sample","puket","108050","_Mineral","LowerDepth",6/15/2022 7:36:41,"14","8",0,0,-2127813489
"Sample","puket","108050","_Mineral","UpperDepth",6/15/2022 7:37:12,"14","9",0,0,-2127813489
"Sample","puket","108050","_Mineral","LowerDepth",6/15/2022 7:37:12,"8","14",0,0,-2127813489
"Sample","puket","108050","_Env","Check369",6/15/2022 7:38:47,,,0,0,
"Sample","puket","108050","_Env","Check371",6/15/2022 7:38:47,,,0,0,
"Sample","puket","108050","_Env","Check373",6/15/2022 7:38:47,,,0,0,
"Sample","puket","108050","Unknown","UpperDepth",6/15/2022 7:39:03,"9","14",0,0,-2127813489
"Sample","puket","108050","Unknown","LowerDepth",6/15/2022 7:39:03,"14","9",0,0,-2127813489
"Sample","puket","108050","Unknown","UpperDepth",6/15/2022 7:39:19,"14","9",0,0,-2127813489
"Sample","puket","108050","Unknown","LowerDepth",6/15/2022 7:39:19,"9","14",0,0,-2127813489
"Sample","puket","108050","_Env","Check369",6/15/2022 7:43:26,,,0,0,
"Sample","puket","108050","_Env","Check371",6/15/2022 7:43:26,,,0,0,
"Sample","puket","108050","_Env","Check373",6/15/2022 7:43:26,,,0,0,
"Sample","puket","108050","_Env","Check235",6/15/2022 7:43:26,,,0,0,
"Sample","puket","108050","_Env","Check237",6/15/2022 7:43:26,,,0,0,
"Sample","puket","108050","_Env","Check300",6/15/2022 7:43:26,,,0,0,
"Sample","puket","108050","_Env","Check550",6/15/2022 7:43:26,,,0,0,
"Sample","puket","108050","_Env","Check552",6/15/2022 7:43:26,,,0,0,
"Sample","puket","108050","_Env","Check302",6/15/2022 7:43:26,,,0,0,
"Sample","puket",,"Off",,6/16/2022 6:37:51,,,0,0,
"Sample","puket",,"On",,6/16/2022 20:22:57,,,0,0,
"Sample","puket",,"Off",,6/16/2022 20:23:51,,,0,0,
"Sample","puket",,"On",,6/16/2022 20:24:13,,,0,0,
"Sample","puket",,"Close",,6/17/2022 7:09:31,,,0,0,
"Sample","puket",,"Open",,6/17/2022 9:18:28,,,0,0,
"Sample","puket",,"Close",,6/17/2022 9:19:29,,,0,0,
"Sample","puket",,"Open",,6/17/2022 9:21:45,,,0,0,
"Sample","puket",,"Off",,6/17/2022 9:22:00,,,0,0,
"Sample","puket",,"On",,7/2/2022 12:38:28,,,0,0,
"Sample","puket",,"Off",,7/2/2022 12:39:55,,,0,0,
"Sample","puket",,"On",,7/2/2022 12:42:47,,,0,0,
"Sample","puket",,"_Env","Check369",7/2/2022 12:44:24,,,0,0,
"Sample","puket",,"_Env","Check371",7/2/2022 12:44:24,,,0,0,
"Sample","puket",,"_Env","Check373",7/2/2022 12:44:24,,,0,0,
"Sample","puket",,"Close",,7/2/2022 12:44:45,,,0,0,
"Sample","puket",,"Open",,7/5/2022 6:31:35,,,0,0,
"Sample","puket",,"Off",,7/5/2022 6:55:35,,,0,0,
"Sample","puket",,"On",,7/6/2022 8:08:41,,,0,0,
"Sample","puket",,"Off",,7/6/2022 8:10:03,,,0,0,
"Sample","puket",,"On",,7/6/2022 8:52:19,,,0,0,
"Sample","puket",,"Off",,7/6/2022 15:06:07,,,0,0,
"Sample","puket",,"On",,7/7/2022 14:03:43,,,0,0,
"Sample","puket",,"Close",,7/7/2022 14:03:49,,,0,0,
"Sample","puket",,"Open",,7/7/2022 14:06:11,,,0,0,
"Sample","puket",,"Close",,7/7/2022 14:06:23,,,0,0,
"Sample","puket",,"Open",,7/7/2022 14:24:15,,,0,0,
"Sample","puket",,"Close",,7/7/2022 14:24:37,,,0,0,
"Sample","puket",,"Open",,7/7/2022 14:25:08,,,0,0,
"Sample","puket",,"Off",,7/7/2022 14:25:32,,,0,0,
"Sample","puket","00337","_Env","Check369",10/31/2021 8:34:24,,,0,0,
"Sample","puket","00337","_Env","Check371",10/31/2021 8:34:24,,,0,0,
"Sample","puket","00337","_Env","Check373",10/31/2021 8:34:24,,,0,0,
"Sample","puket",,"Off",,11/1/2021 6:59:07,,,0,0,
"Sample","puket",,"On",,11/8/2021 11:49:30,,,0,0,
"Sample","puket",,"On",,11/22/2021 8:43:03,,,0,0,
"Sample","puket",,"Close",,11/22/2021 8:43:37,,,0,0,
"Sample","puket",,"Open",,11/22/2021 8:59:21,,,0,0,
"Sample","puket",,"USysAllSpecs",,11/22/2021 8:59:21,"Unknown","Species Master 11 May 2020",0,0,
"Sample","puket",,"USysTableOfLists",,11/22/2021 8:59:24,"Unknown","BEC 26 May 2020",0,0,
"Sample","puket",,"Close",,11/22/2021 8:59:57,,,0,0,
"Sample","puket",,"Open",,11/22/2021 9:00:22,,,0,0,
"Sample","puket",,"Close",,11/22/2021 9:00:24,,,0,0,
"Sample","puket",,"Open",,11/22/2021 9:01:43,,,0,0,
"Sample","puket",,"Off",,11/22/2021 9:05:23,,,0,0,
"Sample","puket",,"On",,11/22/2021 9:14:35,,,0,0,
"Sample","puket",,"On",,10/30/2021 7:35:18,,,0,0,
"Sample","puket",,"On",,11/22/2021 9:17:14,,,0,0,
"Sample","puket",,"On",,11/22/2021 9:17:19,,,0,0,
"Sample","puket",,"On",,11/22/2021 9:17:25,,,0,0,
"Sample","puket",,"On",,11/25/2021 16:21:48,,,0,0,
"Sample","puket",,"Close",,11/25/2021 16:22:08,,,0,0,
"Sample","puket",,"Open",,11/25/2021 16:22:08,,,0,0,
"Sample","puket",,"Off",,11/25/2021 20:16:48,,,0,0,
"Sample","puket",,"On",,11/26/2021 7:50:38,,,0,0,
"Sample","puket",,"Off",,11/26/2021 7:51:37,,,0,0,
"Sample","puket",,"On",,11/26/2021 7:51:42,,,0,0,
"Sample","puket",,"Off",,11/26/2021 7:54:40,,,0,0,
"Sample","puket",,"On",,12/17/2021 8:42:28,,,0,0,
"Sample","puket",,"On",,12/17/2021 8:43:48,,,0,0,
"Sample","puket",,"On",,12/17/2021 8:45:06,,,0,0,
"Sample","puket",,"On",,12/17/2021 8:48:12,,,0,0,
"Sample","puket",,"On",,1/21/2022 7:52:20,,,0,0,
"Sample","puket",,"Close",,1/21/2022 7:59:50,,,0,0,
"Sample","puket",,"Close",,1/21/2022 10:22:51,,,0,0,
"Sample","puket",,"Close",,1/21/2022 10:23:09,,,0,0,
"Sample","puket",,"Open",,1/21/2022 10:42:17,,,0,0,
"Sample","puket",,"Close",,1/21/2022 12:52:05,,,0,0,
"Sample","puket",,"Open",,1/21/2022 13:26:59,,,0,0,
"Sample","puket",,"On",,1/21/2022 13:28:21,,,0,0,
"Sample","puket",,"Close",,1/21/2022 13:28:31,,,0,0,
"Sample","puket",,"Open",,1/21/2022 13:28:32,,,0,0,
"Sample","puket",,"Off",,1/21/2022 13:28:53,,,0,0,
"Sample","puket",,"On",,1/21/2022 13:29:22,,,0,0,
"Sample","puket",,"Off",,1/21/2022 13:30:47,,,0,0,
"Sample","puket",,"On",,1/21/2022 13:30:59,,,0,0,
"Sample","puket",,"Close",,1/21/2022 13:31:05,,,0,0,
"Sample","puket",,"Open",,1/21/2022 13:31:05,,,0,0,
"Sample","puket",,"On",,1/21/2022 13:31:32,,,0,0,
"Sample","puket",,"On",,1/21/2022 13:31:56,,,0,0,
"Sample","puket",,"On",,1/21/2022 13:32:00,,,0,0,
"Sample","puket",,"Off",,1/21/2022 13:33:00,,,0,0,
"Sample","puket",,"On",,1/21/2022 13:33:22,,,0,0,
"Sample","puket",,"On",,1/21/2022 13:41:47,,,0,0,
"Sample","puket",,"Off",,1/21/2022 13:45:37,,,0,0,
"Sample","puket",,"On",,1/21/2022 13:45:50,,,0,0,
"Sample","puket",,"Close",,1/21/2022 16:02:47,,,0,0,
"Sample","puket",,"Open",,1/21/2022 16:03:01,,,0,0,
"Sample","puket",,"Close",,1/21/2022 16:03:51,,,0,0,
"Sample","puket",,"Open",,1/21/2022 16:04:31,,,0,0,
"Sample","puket",,"Close",,1/21/2022 16:04:36,,,0,0,
"Sample","puket",,"Open",,1/21/2022 16:05:00,,,0,0,
"Sample","puket",,"Close",,1/21/2022 16:05:04,,,0,0,
"Sample","puket",,"Open",,1/21/2022 16:05:20,,,0,0,
"Sample","puket",,"On",,1/21/2022 16:05:28,,,0,0,
"Sample","puket",,"On",,2/2/2022 7:49:15,,,0,0,
"Sample","puket",,"Off",,2/2/2022 7:53:07,,,0,0,
"Sample","puket",,"On",,2/15/2022 9:11:51,,,0,0,
"Sample","puket",,"Off",,2/15/2022 9:18:13,,,0,0,
"Sample","puket",,"On",,2/15/2022 11:38:32,,,0,0,
"Sample","puket",,"On",,2/15/2022 11:39:26,,,0,0,
"Sample","puket",,"Off",,2/15/2022 11:39:30,,,0,0,
"Sample","puket",,"On",,3/4/2022 7:02:20,,,0,0,
"Sample","puket","00337","_Env","Check369",3/4/2022 7:03:38,,,0,0,
"Sample","puket","00337","_Env","Check371",3/4/2022 7:03:38,,,0,0,
"Sample","puket","00337","_Env","Check373",3/4/2022 7:03:38,,,0,0,
"Sample","puket","108050","_Env","Check369",3/4/2022 7:03:50,,,0,0,
"Sample","puket","108050","_Env","Check371",3/4/2022 7:03:50,,,0,0,
"Sample","puket","108050","_Env","Check373",3/4/2022 7:03:50,,,0,0,
"Sample","puket","108050","_Env","SoilNotes",3/4/2022 7:03:50,"At the upper limit of the MH zone for Clavert Island although Ba still present","At the upper limit of the MH zone for Clavert Island although Ba still present.",0,0,
"Sample","puket","00337","_Env","Check369",3/4/2022 7:04:07,,,0,0,
"Sample","puket","00337","_Env","Check371",3/4/2022 7:04:07,,,0,0,
"Sample","puket","00337","_Env","Check373",3/4/2022 7:04:07,,,0,0,
"Sample","puket","00337","_Env","SoilNotes",3/4/2022 7:04:07,"This is a note reminding me to pick up milk after work.","This is a note reminding me to pick up vvmilk after work.",0,0,
"Sample","puket","00337","_Env","Check369",3/4/2022 7:04:17,,,0,0,
"Sample","puket","00337","_Env","Check371",3/4/2022 7:04:17,,,0,0,
"Sample","puket","00337","_Env","Check373",3/4/2022 7:04:17,,,0,0,
"Sample","puket","00337","_Env","SoilNotes",3/4/2022 7:04:17,"This is a note reminding me to pick up vvmilk after work.","This is a note reminding me to pick up milk after work.",0,0,
"Sample","puket",,"Off",,3/4/2022 7:59:29,,,0,0,
"Sample","puket",,"On",,3/4/2022 11:24:58,,,0,0,
"Sample","puket",,"On",,3/4/2022 11:24:59,,,0,0,
"Sample","puket",,"Off",,3/4/2022 11:25:06,,,0,0,
"Sample","puket",,"Close",,3/4/2022 11:25:12,,,0,0,
"Sample","puket",,"Open",,3/4/2022 11:25:12,,,0,0,
"Sample","puket",,"Close",,3/4/2022 11:25:32,,,0,0,
"Sample","puket",,"Open",,3/4/2022 11:25:32,,,0,0,
"Sample","puket","108050","_Env","Check369",3/4/2022 11:26:33,,,0,0,
"Sample","puket","108050","_Env","Check371",3/4/2022 11:26:33,,,0,0,
"Sample","puket","108050","_Env","Check373",3/4/2022 11:26:33,,,0,0,
"Sample","puket","108050","_Env","Check235",3/4/2022 11:26:33,,,0,0,
"Sample","puket","108050","_Env","Check237",3/4/2022 11:26:33,,,0,0,
"Sample","puket","108050","_Env","Check300",3/4/2022 11:26:33,,,0,0,
"Sample","puket","108050","_Env","Check550",3/4/2022 11:26:33,,,0,0,
"Sample","puket","108050","_Env","Check552",3/4/2022 11:26:33,,,0,0,
"Sample","puket","108050","_Env","Check302",3/4/2022 11:26:33,,,0,0,
"Sample","puket",,"_Env","Check369",3/4/2022 11:26:38,,,0,0,
"Sample","puket",,"_Env","Check371",3/4/2022 11:26:38,,,0,0,
"Sample","puket",,"_Env","Check373",3/4/2022 11:26:38,,,0,0,
"Sample","puket",,"_Env","Check235",3/4/2022 11:26:38,,,0,0,
"Sample","puket",,"_Env","Check237",3/4/2022 11:26:38,,,0,0,
"Sample","puket",,"_Env","Check300",3/4/2022 11:26:38,,,0,0,
"Sample","puket",,"_Env","Check550",3/4/2022 11:26:38,,,0,0,
"Sample","puket",,"_Env","Check552",3/4/2022 11:26:38,,,0,0,
"Sample","puket",,"_Env","Check302",3/4/2022 11:26:38,,,0,0,
"Sample","puket",,"_Env","Check369",3/4/2022 11:27:42,,,0,0,
"Sample","puket",,"_Env","Check371",3/4/2022 11:27:42,,,0,0,
"Sample","puket",,"_Env","Check373",3/4/2022 11:27:42,,,0,0,
"Sample","puket",,"_Env","Check235",3/4/2022 11:27:42,,,0,0,
"Sample","puket",,"_Env","Check237",3/4/2022 11:27:42,,,0,0,
"Sample","puket",,"_Env","Check300",3/4/2022 11:27:42,,,0,0,
"Sample","puket",,"_Env","Check550",3/4/2022 11:27:42,,,0,0,
"Sample","puket",,"_Env","Check552",3/4/2022 11:27:42,,,0,0,
"Sample","puket",,"_Env","Check302",3/4/2022 11:27:42,,,0,0,
"Sample","puket",,"_Env","Check369",3/4/2022 11:27:47,,,0,0,
"Sample","puket",,"_Env","Check371",3/4/2022 11:27:47,,,0,0,
"Sample","puket",,"_Env","Check373",3/4/2022 11:27:47,,,0,0,
"Sample","puket",,"_Env","Check235",3/4/2022 11:27:47,,,0,0,
"Sample","puket",,"_Env","Check237",3/4/2022 11:27:47,,,0,0,
"Sample","puket",,"_Env","Check300",3/4/2022 11:27:47,,,0,0,
"Sample","puket",,"_Env","Check550",3/4/2022 11:27:47,,,0,0,
"Sample","puket",,"_Env","Check552",3/4/2022 11:27:47,,,0,0,
"Sample","puket",,"_Env","Check302",3/4/2022 11:27:47,,,0,0,
"Sample","puket",,"_Env","Check369",3/4/2022 11:27:49,,,0,0,
"Sample","puket",,"_Env","Check371",3/4/2022 11:27:49,,,0,0,
"Sample","puket",,"_Env","Check373",3/4/2022 11:27:49,,,0,0,
"Sample","puket",,"_Env","Check235",3/4/2022 11:27:49,,,0,0,
"Sample","puket",,"_Env","Check237",3/4/2022 11:27:49,,,0,0,
"Sample","puket",,"_Env","Check300",3/4/2022 11:27:49,,,0,0,
"Sample","puket",,"_Env","Check550",3/4/2022 11:27:49,,,0,0,
"Sample","puket",,"_Env","Check552",3/4/2022 11:27:49,,,0,0,
"Sample","puket",,"_Env","Check302",3/4/2022 11:27:49,,,0,0,
"Sample","puket","108050","_Env","Check369",3/4/2022 11:28:05,,,0,0,
"Sample","puket","108050","_Env","Check371",3/4/2022 11:28:05,,,0,0,
"Sample","puket","108050","_Env","Check373",3/4/2022 11:28:05,,,0,0,
"Sample","puket","108050","_Env","Check235",3/4/2022 11:28:05,,,0,0,
"Sample","puket","108050","_Env","Check237",3/4/2022 11:28:05,,,0,0,
"Sample","puket","108050","_Env","Check300",3/4/2022 11:28:05,,,0,0,
"Sample","puket","108050","_Env","Check550",3/4/2022 11:28:05,,,0,0,
"Sample","puket","108050","_Env","Check552",3/4/2022 11:28:05,,,0,0,
"Sample","puket","108050","_Env","Check302",3/4/2022 11:28:05,,,0,0,
"Sample","puket","108050","_Env","Check369",3/4/2022 11:28:17,,,0,0,
"Sample","puket","108050","_Env","Check371",3/4/2022 11:28:17,,,0,0,
"Sample","puket","108050","_Env","Check373",3/4/2022 11:28:17,,,0,0,
"Sample","puket",,"_Env","Check369",3/4/2022 11:28:27,,,0,0,
"Sample","puket",,"_Env","Check371",3/4/2022 11:28:27,,,0,0,
"Sample","puket",,"_Env","Check373",3/4/2022 11:28:27,,,0,0,
"Sample","puket",,"_Env","Check369",3/4/2022 11:29:01,,,0,0,
"Sample","puket",,"_Env","Check371",3/4/2022 11:29:01,,,0,0,
"Sample","puket",,"_Env","Check373",3/4/2022 11:29:01,,,0,0,
"Sample","puket",,"_Env","Check369",3/4/2022 11:29:07,,,0,0,
"Sample","puket",,"_Env","Check371",3/4/2022 11:29:07,,,0,0,
"Sample","puket",,"_Env","Check373",3/4/2022 11:29:07,,,0,0,
"Sample","puket",,"_Env","Check369",3/4/2022 11:29:11,,,0,0,
"Sample","puket",,"_Env","Check371",3/4/2022 11:29:11,,,0,0,
"Sample","puket",,"_Env","Check373",3/4/2022 11:29:11,,,0,0,
"Sample","puket",,"Close",,3/4/2022 11:32:33,,,0,0,
"Sample","puket",,"Open",,3/4/2022 13:07:23,,,0,0,
"Sample","puket",,"On",,3/4/2022 13:09:59,,,0,0,
"Sample","puket",,"On",,3/4/2022 13:10:28,,,0,0,
"Sample","puket",,"On",,3/7/2022 7:38:49,,,0,0,
"Sample","puket",,"Off",,3/7/2022 7:44:22,,,0,0,
"Sample","puket",,"On",,3/7/2022 7:51:38,,,0,0,
"Sample","puket",,"On",,3/7/2022 8:15:57,,,0,0,
"Sample","puket",,"Off",,3/7/2022 9:54:55,,,0,0,
"Sample","puket",,"On",,3/7/2022 9:57:04,,,0,0,
"Sample","puket",,"Off",,3/7/2022 11:31:09,,,0,0,
"Sample","puket",,"On",,3/7/2022 13:29:08,,,0,0,
"Sample","puket",,"Off",,3/7/2022 13:35:47,,,0,0,
"Sample","puket",,"On",,3/7/2022 13:46:15,,,0,0,
"Sample","puket",,"Off",,3/7/2022 13:48:17,,,0,0,
"Sample","puket",,"On",,3/7/2022 15:49:25,,,0,0,
"Sample","puket",,"On",,3/7/2022 15:49:50,,,0,0,
"Sample","puket",,"On",,3/10/2022 15:17:55,,,0,0,
"Sample","puket",,"Close",,3/10/2022 15:18:05,,,0,0,
"Sample","puket",,"Open",,3/10/2022 15:18:05,,,0,0,
"Sample","puket",,"Close",,3/10/2022 15:23:13,,,0,0,
"Sample","puket",,"Open",,3/10/2022 15:23:13,,,0,0,
"Sample","puket",,"Off",,3/10/2022 15:25:02,,,0,0,
"Sample","puket",,"On",,3/11/2022 9:36:05,,,0,0,
"Sample","puket",,"On",,3/11/2022 9:46:59,,,0,0,
"Sample","puket",,"On",,3/14/2022 8:51:16,,,0,0,
"Sample","puket",,"On",,3/14/2022 8:51:23,,,0,0,
"Sample","puket",,"On",,3/14/2022 8:54:44,,,0,0,
"Sample","puket",,"Off",,3/14/2022 9:01:43,,,0,0,
"Sample","puket",,"On",,3/29/2022 14:43:24,,,0,0,
"Sample","puket","108050","_Env","Check369",3/29/2022 14:56:54,,,0,0,
"Sample","puket","108050","_Env","Check371",3/29/2022 14:56:54,,,0,0,
"Sample","puket","108050","_Env","Check373",3/29/2022 14:56:54,,,0,0,
"Sample","puket","108050","_Env","Check369",3/29/2022 14:57:02,,,0,0,
"Sample","puket","108050","_Env","Check371",3/29/2022 14:57:02,,,0,0,
"Sample","puket","108050","_Env","Check373",3/29/2022 14:57:02,,,0,0,
"Sample","puket","108050","_Env","Check235",3/29/2022 14:57:02,,,0,0,
"Sample","puket","108050","_Env","Check237",3/29/2022 14:57:02,,,0,0,
"Sample","puket","108050","_Env","Check300",3/29/2022 14:57:02,,,0,0,
"Sample","puket","108050","_Env","Check550",3/29/2022 14:57:02,,,0,0,
"Sample","puket","108050","_Env","Check552",3/29/2022 14:57:02,,,0,0,
"Sample","puket","108050","_Env","Check302",3/29/2022 14:57:02,,,0,0,
"Sample","puket","108050","_Env","Check369",3/30/2022 7:02:46,,,0,0,
"Sample","puket","108050","_Env","Check371",3/30/2022 7:02:46,,,0,0,
"Sample","puket","108050","_Env","Check373",3/30/2022 7:02:46,,,0,0,
"Sample","puket","108050","_Env","Check235",3/30/2022 7:02:46,,,0,0,
"Sample","puket","108050","_Env","Check237",3/30/2022 7:02:46,,,0,0,
"Sample","puket","108050","_Env","Check300",3/30/2022 7:02:46,,,0,0,
"Sample","puket","108050","_Env","Check550",3/30/2022 7:02:46,,,0,0,
"Sample","puket","108050","_Env","Check552",3/30/2022 7:02:46,,,0,0,
"Sample","puket","108050","_Env","Check302",3/30/2022 7:02:46,,,0,0,
"Sample","puket","108050","_Env","Check369",3/30/2022 7:09:15,,,0,0,
"Sample","puket","108050","_Env","Check371",3/30/2022 7:09:15,,,0,0,
"Sample","puket","108050","_Env","Check373",3/30/2022 7:09:15,,,0,0,
"Sample","puket","108050","_Env","Check235",3/30/2022 7:09:15,,,0,0,
"Sample","puket","108050","_Env","Check237",3/30/2022 7:09:15,,,0,0,
"Sample","puket","108050","_Env","Check300",3/30/2022 7:09:15,,,0,0,
"Sample","puket","108050","_Env","Check550",3/30/2022 7:09:15,,,0,0,
"Sample","puket","108050","_Env","Check552",3/30/2022 7:09:15,,,0,0,
"Sample","puket","108050","_Env","Check302",3/30/2022 7:09:15,,,0,0,
"Sample","puket","108050","_Env","Check369",3/30/2022 7:10:18,,,0,0,
"Sample","puket","108050","_Env","Check371",3/30/2022 7:10:18,,,0,0,
"Sample","puket","108050","_Env","Check373",3/30/2022 7:10:18,,,0,0,
"Sample","puket","108050","_Env","Check235",3/30/2022 7:10:18,,,0,0,
"Sample","puket","108050","_Env","Check237",3/30/2022 7:10:18,,,0,0,
"Sample","puket","108050","_Env","Check300",3/30/2022 7:10:18,,,0,0,
"Sample","puket","108050","_Env","Check550",3/30/2022 7:10:18,,,0,0,
"Sample","puket","108050","_Env","Check552",3/30/2022 7:10:18,,,0,0,
"Sample","puket","108050","_Env","Check302",3/30/2022 7:10:18,,,0,0,
"Sample","puket","108050","_Env","Check369",3/30/2022 7:10:24,,,0,0,
"Sample","puket","108050","_Env","Check371",3/30/2022 7:10:24,,,0,0,
"Sample","puket","108050","_Env","Check373",3/30/2022 7:10:24,,,0,0,
"Sample","puket","108050","_Env","Check235",3/30/2022 7:10:24,,,0,0,
"Sample","puket","108050","_Env","Check237",3/30/2022 7:10:24,,,0,0,
"Sample","puket","108050","_Env","Check300",3/30/2022 7:10:24,,,0,0,
"Sample","puket","108050","_Env","Check550",3/30/2022 7:10:24,,,0,0,
"Sample","puket","108050","_Env","Check552",3/30/2022 7:10:24,,,0,0,
"Sample","puket","108050","_Env","Check302",3/30/2022 7:10:24,,,0,0,
"Sample","puket","108050","_Env","Check369",3/30/2022 7:10:30,,,0,0,
"Sample","puket","108050","_Env","Check371",3/30/2022 7:10:30,,,0,0,
"Sample","puket","108050","_Env","Check373",3/30/2022 7:10:30,,,0,0,
"Sample","puket","108050","_Env","Check235",3/30/2022 7:10:30,,,0,0,
"Sample","puket","108050","_Env","Check237",3/30/2022 7:10:30,,,0,0,
"Sample","puket","108050","_Env","Check300",3/30/2022 7:10:30,,,0,0,
"Sample","puket","108050","_Env","Check550",3/30/2022 7:10:30,,,0,0,
"Sample","puket","108050","_Env","Check552",3/30/2022 7:10:30,,,0,0,
"Sample","puket","108050","_Env","Check302",3/30/2022 7:10:30,,,0,0,
"Sample","puket","108050","_Env","Check369",3/30/2022 7:48:36,,,0,0,
"Sample","puket","108050","_Env","Check371",3/30/2022 7:48:36,,,0,0,
"Sample","puket","108050","_Env","Check373",3/30/2022 7:48:36,,,0,0,
"Sample","puket","108050","_Env","Check235",3/30/2022 7:48:36,,,0,0,
"Sample","puket","108050","_Env","Check237",3/30/2022 7:48:36,,,0,0,
"Sample","puket","108050","_Env","Check300",3/30/2022 7:48:36,,,0,0,
"Sample","puket","108050","_Env","Check550",3/30/2022 7:48:36,,,0,0,
"Sample","puket","108050","_Env","Check552",3/30/2022 7:48:36,,,0,0,
"Sample","puket","108050","_Env","Check302",3/30/2022 7:48:36,,,0,0,
"Sample","puket",,"On",,3/30/2022 7:54:07,,,0,0,
"Sample","puket",,"Off",,3/30/2022 8:04:19,,,0,0,
"Sample","puket",,"On",,3/30/2022 8:15:06,,,0,0,
"Sample","puket",,"On",,3/30/2022 8:15:07,,,0,0,
"Sample","puket",,"Off",,3/30/2022 8:15:11,,,0,0,
"Sample","puket",,"Off",,3/30/2022 8:15:12,,,0,0,
"Sample","puket",,"On",,3/30/2022 8:15:18,,,0,0,
"Sample","puket",,"On",,3/30/2022 10:02:36,,,0,0,
"Sample","puket",,"On",,3/30/2022 10:02:40,,,0,0,
"Sample","puket",,"On",,3/30/2022 12:47:03,,,0,0,
"Sample","puket",,"Off",,3/30/2022 12:47:20,,,0,0,
"Sample","puket",,"On",,3/30/2022 12:55:17,,,0,0,
"Sample","puket",,"Off",,3/30/2022 13:11:11,,,0,0,
"Sample","puket",,"On",,4/2/2022 8:27:03,,,0,0,
"Sample","puket",,"Off",,4/2/2022 8:27:39,,,0,0,
"Sample","puket",,"On",,4/2/2022 8:30:36,,,0,0,
"Sample","puket",,"Off",,4/2/2022 8:32:55,,,0,0,
"Sample","puket",,"On",,4/2/2022 12:12:50,,,0,0,
"Sample","puket",,"On",,4/2/2022 12:21:57,,,0,0,
"Sample","puket",,"On",,4/2/2022 12:22:18,,,0,0,
"Sample","puket",,"On",,4/10/2022 8:57:01,,,0,0,
"Sample","puket",,"Off",,4/11/2022 6:57:44,,,0,0,
"Sample","puket",,"On",,4/12/2022 11:41:40,,,0,0,
"Sample","puket",,"Off",,4/12/2022 11:42:12,,,0,0,
"Sample","puket",,"On",,4/12/2022 11:43:29,,,0,0,
"Sample","puket",,"Off",,4/12/2022 11:53:06,,,0,0,
"Sample","puket",,"On",,4/12/2022 11:53:36,,,0,0,
"Sample","puket",,"On",,4/12/2022 11:53:41,,,0,0,
"Sample","puket",,"On",,4/12/2022 11:53:45,,,0,0,
"Sample","puket",,"Off",,4/12/2022 11:53:49,,,0,0,
"Sample","puket",,"On",,4/13/2022 6:39:15,,,0,0,
"Sample","puket",,"Off",,4/13/2022 6:41:10,,,0,0,
"Sample","puket",,"On",,4/13/2022 7:52:48,,,0,0,
"Sample","puket",,"On",,4/13/2022 7:53:23,,,0,0,
"Sample","puket",,"On",,4/13/2022 8:00:08,,,0,0,
"Sample","puket",,"Off",,4/13/2022 8:04:05,,,0,0,
"Sample","puket",,"On",,5/4/2022 13:34:47,,,0,0,
"Sample","puket",,"Close",,5/5/2022 7:51:27,,,0,0,
"Sample","puket",,"Open",,6/10/2022 6:56:10,,,0,0,
"Sample","puket",,"_Env","Check369",6/10/2022 6:58:27,,,0,0,
"Sample","puket",,"_Env","Check371",6/10/2022 6:58:27,,,0,0,
"Sample","puket",,"_Env","Check373",6/10/2022 6:58:27,,,0,0,
"Sample","puket",,"_Env","Check369",6/10/2022 6:58:45,,,0,0,
"Sample","puket",,"_Env","Check371",6/10/2022 6:58:45,,,0,0,
"Sample","puket",,"_Env","Check373",6/10/2022 6:58:45,,,0,0,
"Sample","puket",,"Close",,6/10/2022 7:03:45,,,0,0,
"Sample","puket",,"Open",,6/10/2022 7:24:33,,,0,0,
"Sample","puket",,"Close",,6/10/2022 15:37:29,,,0,0,
"Sample","puket",,"Open",,6/10/2022 15:37:29,,,0,0,
"Sample","puket",,"Close",,6/10/2022 15:40:50,,,0,0,
"Sample","puket",,"Open",,6/12/2022 10:50:10,,,0,0,
"Sample","puket",,"Off",,6/12/2022 11:05:11,,,0,0,
"Sample","puket",,"On",,7/21/2022 8:47:16,,,0,0,
"Sample","puket",,"On",,7/21/2022 9:07:58,,,0,0,
"Sample","puket",,"On",,7/21/2022 9:08:02,,,0,0,
"Sample","puket",,"Open",,1/30/2023 8:22:57,,,0,0,
"Sample","puket",,"Close",,1/30/2023 8:23:26,,,0,0,
"Sample","puket",,"Open",,1/30/2023 8:59:54,,,0,0,
"Sample","puket",,"On",,1/30/2023 9:02:10,,,0,0,
"Sample","puket",,"On",,1/30/2023 9:12:34,,,0,0,
"Sample","puket",,"On",,2/23/2023 6:11:25,,,0,0,
"Sample","puket",,"Off",,2/23/2023 6:19:54,,,0,0,
"Sample","puket",,"On",,2/23/2023 6:39:34,,,0,0,
"Sample","puket",,"Off",,2/23/2023 6:41:46,,,0,0,
"Sample","puket",,"On",,2/23/2023 6:42:16,,,0,0,
"Sample","puket",,"Off",,2/23/2023 6:51:50,,,0,0,
"Sample","puket",,"On",,2/23/2023 6:52:21,,,0,0,
"Sample","puket",,"Off",,2/23/2023 6:52:41,,,0,0,
"Sample","puket",,"On",,2/23/2023 6:57:23,,,0,0,
"Sample","puket",,"Off",,2/23/2023 7:14:56,,,0,0,
"Sample","puket",,"On",,2/23/2023 7:15:13,,,0,0,
"Sample","puket",,"On",,2/23/2023 9:01:08,,,0,0,
"Sample","puket",,"On",,2/24/2023 8:04:51,,,0,0,
"Sample","puket",,"On",,2/24/2023 9:20:28,,,0,0,
"Sample","puket",,"On",,2/24/2023 9:20:38,,,0,0,
