"User","InTime","OutTime","LocalMachine"
"puket",11/25/2021 16:21:38,11/25/2021 20:16:48,"I7C"
"puket",11/26/2021 7:50:38,11/26/2021 7:51:37,"I7C"
"puket",11/26/2021 7:51:42,11/26/2021 7:54:41,"I7C"
"puket",12/17/2021 8:42:28,12/17/2021 8:43:37,"I7C"
"puket",3/2/2021 8:48:29,3/2/2021 9:33:00,"I7C"
"puket",3/2/2021 10:53:06,3/2/2021 16:20:52,"I7C"
"puket",3/3/2021 7:47:25,3/3/2021 8:55:00,"I7C"
"puket",3/3/2021 8:57:29,3/3/2021 8:58:13,"I7C"
"puket",3/3/2021 9:13:37,3/3/2021 13:15:27,"I7C"
"puket",3/3/2021 13:17:44,3/3/2021 13:20:12,"I7C"
"puket",3/3/2021 13:21:25,3/3/2021 13:22:01,"I7C"
"puket",3/3/2021 13:23:17,3/3/2021 13:23:57,"I7C"
"puket",3/3/2021 13:28:26,3/3/2021 13:30:03,"I7C"
"puket",3/3/2021 13:30:37,3/3/2021 13:31:05,"I7C"
"puket",3/4/2021 6:12:05,3/4/2021 6:14:41,"I7C"
"puket",3/4/2021 6:25:17,3/4/2021 6:28:11,"I7C"
"puket",3/4/2021 7:44:36,3/4/2021 7:51:48,"I7C"
"puket",3/4/2021 8:30:28,3/4/2021 8:36:20,"I7C"
"puket",3/8/2021 7:08:49,3/8/2021 9:38:52,"I7C"
"puket",3/8/2021 11:05:36,3/8/2021 11:28:06,"I7C"
"puket",3/8/2021 11:28:19,3/8/2021 11:32:23,"I7C"
"puket",3/12/2021 9:19:02,3/12/2021 10:13:35,"I7C"
"puket",12/24/2019 6:58:37,12/24/2019 6:59:07,"I7C"
"puket",10/28/2019 8:55:18,10/28/2019 12:23:37,"I7C"
"puket",10/28/2019 12:23:44,10/28/2019 12:25:53,"I7C"
"puket",10/28/2019 12:26:01,10/28/2019 12:26:24,"I7C"
"puket",10/28/2019 12:26:29,10/28/2019 12:26:32,"I7C"
"puket",10/28/2019 12:26:37,10/28/2019 12:26:46,"I7C"
"puket",11/4/2019 7:03:56,11/4/2019 7:04:04,"I7C"
"puket",11/4/2019 7:04:08,11/4/2019 7:07:08,"I7C"
"puket",11/4/2019 7:07:16,11/4/2019 7:08:40,"I7C"
"puket",11/4/2019 7:08:46,11/4/2019 7:09:29,"I7C"
"puket",3/8/2019 7:10:31,3/8/2019 7:12:50,"I7C"
"puket",3/8/2019 12:02:58,3/8/2019 12:02:59,"I7C"
"puket",3/8/2019 12:11:28,3/8/2019 12:11:28,"I7C"
"puket",3/8/2019 12:12:29,3/8/2019 12:12:30,"I7C"
"puket",3/8/2019 13:19:26,3/8/2019 13:19:26,"I7C"
"puket",3/12/2019 6:25:20,3/12/2019 6:45:56,"I7C"
"puket",3/12/2019 7:16:22,3/12/2019 7:17:52,"I7C"
"puket",3/12/2019 8:31:17,3/12/2019 8:31:41,"I7C"
"puket",3/12/2019 8:31:59,3/12/2019 8:39:05,"I7C"
"puket",3/12/2019 8:41:59,3/12/2019 8:47:53,"I7C"
"puket",3/12/2019 8:49:19,3/12/2019 9:21:17,"I7C"
"puket",3/12/2019 9:22:40,3/12/2019 9:22:45,"I7C"
"puket",3/14/2019 6:40:32,3/14/2019 6:40:33,"I7C"
"puket",3/18/2019 9:51:44,3/18/2019 10:16:19,"I7C"
"puket",3/29/2019 9:53:00,3/29/2019 10:23:24,"I7C"
"puket",3/29/2019 13:53:07,3/29/2019 13:58:27,"I7C"
"puket",3/29/2019 14:11:59,3/29/2019 14:28:00,"I7C"
"puket",3/31/2019 15:49:40,3/31/2019 15:59:49,"I7C"
"puket",4/25/2019 6:35:57,4/25/2019 15:28:19,"I7C"
"puket",5/12/2019 6:43:55,5/12/2019 6:44:47,"I7C"
"puket",5/12/2019 6:44:52,5/12/2019 6:51:45,"I7C"
"puket",5/13/2019 8:58:49,5/13/2019 9:31:45,"I7C"
"puket",5/13/2019 9:33:14,5/13/2019 10:17:15,"I7C"
"puket",5/13/2019 10:50:01,5/13/2019 10:54:04,"I7C"
"puket",5/19/2019 9:48:27,5/19/2019 9:49:21,"I7C"
"puket",10/31/2018 7:33:51,10/31/2018 7:40:37,"I7C"
"puket",11/1/2018 7:37:39,11/1/2018 7:43:05,"I7C"
"puket",11/2/2018 10:01:02,11/2/2018 12:01:11,"I7C"
"puket",11/2/2018 12:02:39,11/2/2018 12:06:31,"I7C"
"puket",11/7/2018 7:23:49,11/7/2018 7:30:14,"I7C"
"puket",11/7/2018 7:41:51,11/7/2018 9:15:38,"I7C"
"puket",11/8/2018 9:01:49,11/8/2018 9:25:12,"I7C"
"puket",11/8/2018 9:35:35,11/8/2018 9:35:58,"I7C"
"puket",11/8/2018 11:04:51,11/8/2018 11:15:11,"I7C"
"puket",11/9/2018 6:15:46,11/9/2018 6:16:22,"I7C"
"puket",11/9/2018 6:17:00,11/9/2018 6:50:19,"I7C"
"puket",11/9/2018 6:50:47,11/9/2018 6:54:31,"I7C"
"puket",11/9/2018 6:54:39,11/9/2018 6:58:11,"I7C"
"puket",11/9/2018 6:58:25,11/9/2018 7:00:22,"I7C"
"puket",11/9/2018 7:00:38,11/9/2018 7:04:21,"I7C"
"puket",11/9/2018 7:04:47,11/9/2018 7:07:46,"I7C"
"puket",11/9/2018 7:08:01,11/9/2018 7:26:39,"I7C"
"puket",11/9/2018 7:27:14,11/9/2018 7:39:29,"I7C"
"puket",11/9/2018 7:39:46,11/9/2018 7:40:15,"I7C"
"puket",11/9/2018 7:42:14,11/9/2018 7:48:49,"I7C"
"puket",11/9/2018 7:49:36,11/9/2018 7:56:20,"I7C"
"puket",11/9/2018 7:56:33,11/9/2018 9:09:24,"I7C"
"puket",11/9/2018 9:09:44,11/9/2018 9:11:58,"I7C"
"puket",11/9/2018 9:12:20,11/9/2018 9:12:29,"I7C"
"puket",11/9/2018 9:12:50,11/9/2018 9:17:20,"I7C"
"puket",11/9/2018 9:17:37,11/9/2018 9:19:09,"I7C"
"puket",11/9/2018 9:19:24,11/9/2018 9:22:34,"I7C"
"puket",11/9/2018 9:22:54,11/9/2018 9:31:14,"I7C"
"puket",11/9/2018 9:31:31,11/9/2018 9:38:20,"I7C"
"puket",11/9/2018 9:38:28,11/9/2018 21:27:02,"I7C"
"puket",11/12/2018 8:25:43,11/12/2018 8:28:06,"I7C"
"puket",11/13/2018 6:04:10,11/13/2018 6:04:17,"I7C"
"puket",11/13/2018 6:19:50,11/13/2018 6:22:18,"I7C"
"puket",11/13/2018 6:22:31,11/13/2018 6:24:05,"I7C"
"puket",11/13/2018 6:24:15,11/13/2018 6:27:54,"I7C"
"puket",11/13/2018 6:29:56,11/13/2018 6:35:32,"I7C"
"puket",11/13/2018 6:41:28,11/13/2018 6:45:02,"I7C"
"puket",11/13/2018 6:45:21,11/13/2018 6:47:16,"I7C"
"puket",11/13/2018 6:51:44,11/13/2018 6:53:00,"I7C"
"puket",4/6/2018 11:05:09,4/6/2018 11:15:27,"I7C"
"puket",4/6/2018 11:15:48,4/6/2018 11:30:00,"I7C"
"puket",4/6/2018 11:30:29,4/6/2018 11:34:32,"I7C"
"puket",4/6/2018 11:34:43,4/6/2018 11:34:49,"I7C"
"Russell Klassen",2/5/2018 11:07:31,2/5/2018 11:09:05,"I7"
"Russell Klassen",2/7/2018 15:31:05,2/7/2018 15:58:34,"I7"
"Russell Klassen",2/8/2018 6:50:07,2/8/2018 6:50:15,"I7"
"Russell Klassen",2/8/2018 7:04:18,2/8/2018 7:05:17,"I7"
"Russell Klassen",2/8/2018 7:15:07,2/8/2018 9:28:37,"I7"
"Russell Klassen",2/9/2018 6:29:22,2/9/2018 6:46:29,"I7"
"Russell Klassen",2/9/2018 9:41:27,2/9/2018 19:09:28,"I7"
"Russell Klassen",2/16/2018 9:59:40,2/16/2018 14:07:26,"I7"
"Russell Klassen",2/22/2018 14:07:26,2/22/2018 16:15:52,"I7"
"Russell Klassen",2/23/2018 6:13:13,2/23/2018 19:33:24,"I7"
"Russell Klassen",2/25/2018 7:54:28,2/25/2018 7:54:36,"I7"
"Russell Klassen",2/25/2018 7:55:14,2/25/2018 8:52:46,"I7"
"Russell Klassen",2/26/2018 6:19:51,2/26/2018 18:12:47,"I7"
"Russell Klassen",2/27/2018 6:27:03,2/27/2018 15:59:02,"I7"
"Russell Klassen",2/28/2018 7:15:13,2/28/2018 7:20:19,"I7"
"Russell Klassen",2/28/2018 7:25:32,2/28/2018 7:26:13,"I7"
"Russell Klassen",3/5/2018 6:57:13,3/5/2018 6:57:18,"I7"
"Russell Klassen",3/5/2018 6:57:21,3/5/2018 6:58:49,"I7"
"Russell Klassen",3/5/2018 6:59:31,3/5/2018 7:51:07,"I7"
"Russell Klassen",3/5/2018 7:58:21,3/5/2018 8:01:02,"I7"
"Russell Klassen",3/5/2018 9:41:54,3/5/2018 9:42:37,"I7"
"Russell Klassen",3/9/2018 7:57:19,3/9/2018 8:06:59,"I7"
"Russell Klassen",3/9/2018 8:33:19,3/9/2018 9:24:28,"I7"
"Russell Klassen",3/9/2018 11:11:21,3/9/2018 11:37:43,"I7"
"Russell Klassen",3/12/2018 10:32:46,3/12/2018 10:32:56,"I7"
"Russell Klassen",3/12/2018 10:32:58,3/12/2018 10:33:44,"I7"
"Russell Klassen",3/12/2018 10:34:40,3/12/2018 10:35:26,"I7"
"Russell Klassen",3/12/2018 10:35:46,3/12/2018 10:36:34,"I7"
"Russell Klassen",3/12/2018 10:36:55,3/12/2018 10:37:21,"I7"
"Russell Klassen",3/14/2018 7:47:43,3/14/2018 8:43:04,"I7"
"Russell Klassen",3/14/2018 8:54:37,3/14/2018 15:42:52,"I7"
"Russell Klassen",3/15/2018 7:10:39,3/15/2018 7:11:43,"I7"
"Russell Klassen",3/15/2018 7:11:48,3/15/2018 7:11:53,"I7"
"Russell Klassen",3/15/2018 7:11:59,3/15/2018 7:13:55,"I7"
"Russell Klassen",3/15/2018 7:14:01,3/15/2018 7:14:02,"I7"
"Russell Klassen",3/15/2018 7:14:07,3/15/2018 7:15:17,"I7"
"Russell Klassen",3/15/2018 7:15:25,3/15/2018 7:15:33,"I7"
"Russell Klassen",3/15/2018 7:15:39,3/15/2018 7:15:41,"I7"
"Russell Klassen",3/15/2018 7:15:45,3/15/2018 7:16:07,"I7"
"Russell Klassen",3/15/2018 7:16:12,3/15/2018 7:28:30,"I7"
"Russell Klassen",3/15/2018 7:28:38,3/15/2018 9:56:34,"I7"
"Russell Klassen",3/15/2018 9:56:40,3/15/2018 10:35:55,"I7"
"puket",3/18/2018 7:27:44,3/18/2018 7:27:47,"I7C"
"puket",3/18/2018 7:28:04,3/18/2018 7:28:06,"I7C"
"puket",3/18/2018 7:28:19,3/18/2018 7:28:21,"I7C"
"puket",3/18/2018 12:19:17,3/18/2018 12:19:27,"I7C"
"puket",3/18/2018 15:26:34,3/18/2018 15:26:51,"I7C"
"puket",3/18/2018 15:26:59,3/18/2018 15:27:01,"I7C"
"puket",3/18/2018 15:27:07,3/18/2018 15:27:12,"I7C"
"puket",3/18/2018 15:27:16,3/18/2018 15:27:20,"I7C"
"puket",3/18/2018 15:27:25,3/18/2018 15:28:19,"I7C"
"puket",3/19/2018 6:58:41,3/19/2018 6:59:27,"I7C"
"puket",3/19/2018 6:59:37,3/19/2018 7:00:41,"I7C"
"puket",3/19/2018 7:00:50,3/19/2018 7:01:02,"I7C"
"puket",3/19/2018 7:01:14,3/19/2018 7:02:17,"I7C"
"puket",3/19/2018 7:02:27,3/19/2018 7:02:37,"I7C"
"puket",3/20/2018 8:30:37,3/20/2018 8:30:44,"I7C"
"puket",3/20/2018 8:30:52,3/20/2018 8:30:55,"I7C"
"puket",3/21/2018 6:41:29,3/21/2018 6:41:35,"I7C"
"puket",3/21/2018 6:41:41,3/21/2018 6:41:43,"I7C"
"puket",3/24/2018 7:54:29,3/24/2018 7:54:35,"I7C"
"puket",3/24/2018 7:54:36,3/24/2018 7:54:38,"I7C"
"puket",3/26/2018 6:03:14,3/26/2018 6:11:01,"I7C"
"puket",3/26/2018 6:11:37,3/26/2018 6:12:02,"I7C"
"puket",4/3/2018 7:45:51,4/3/2018 11:31:49,"I7C"
"puket",4/3/2018 11:34:26,4/3/2018 11:34:36,"I7C"
"puket",4/3/2018 11:34:44,4/3/2018 11:36:03,"I7C"
"puket",4/4/2018 10:34:18,4/4/2018 13:31:51,"I7C"
"puket",4/4/2018 13:32:44,4/4/2018 13:44:35,"I7C"
"puket",4/4/2018 13:45:19,4/4/2018 15:16:17,"I7C"
"puket",4/5/2018 6:56:21,4/5/2018 6:56:35,"I7C"
"puket",4/5/2018 6:56:36,4/5/2018 6:56:51,"I7C"
"puket",4/5/2018 6:56:52,4/5/2018 6:57:01,"I7C"
"puket",4/5/2018 6:57:05,4/5/2018 7:02:50,"I7C"
"puket",4/5/2018 8:30:37,4/5/2018 8:35:30,"I7C"
"puket",4/5/2018 8:38:47,4/5/2018 10:46:00,"I7C"
"puket",4/5/2018 10:46:18,4/5/2018 10:46:22,"I7C"
"puket",4/5/2018 10:46:57,4/5/2018 11:02:15,"I7C"
"puket",4/5/2018 11:02:34,4/5/2018 11:15:48,"I7C"
"puket",4/5/2018 11:16:16,4/5/2018 11:16:21,"I7C"
"puket",4/5/2018 11:16:27,4/5/2018 11:16:32,"I7C"
"puket",4/5/2018 11:16:33,4/5/2018 11:44:33,"I7C"
"puket",4/6/2018 7:43:43,4/6/2018 10:43:14,"I7C"
"puket",4/6/2018 10:43:36,4/6/2018 10:47:49,"I7C"
"puket",4/6/2018 10:48:05,4/6/2018 10:54:53,"I7C"
"puket",4/6/2018 10:55:06,4/6/2018 10:55:10,"I7C"
"puket",4/6/2018 10:55:11,4/6/2018 10:55:15,"I7C"
"puket",4/6/2018 10:55:16,4/6/2018 10:55:18,"I7C"
"puket",4/6/2018 10:55:45,4/6/2018 11:04:02,"I7C"
"puket",4/6/2018 11:04:24,4/6/2018 11:04:27,"I7C"
"puket",4/6/2018 11:34:50,4/6/2018 11:37:41,"I7C"
"puket",4/6/2018 11:38:04,4/6/2018 11:42:55,"I7C"
"puket",4/6/2018 11:42:56,4/6/2018 13:18:18,"I7C"
"puket",4/6/2018 13:18:19,4/6/2018 13:18:21,"I7C"
"puket",4/6/2018 13:18:44,4/6/2018 13:19:29,"I7C"
"puket",4/6/2018 13:20:36,4/6/2018 13:21:08,"I7C"
"puket",4/9/2018 8:36:48,4/9/2018 11:52:45,"I7C"
"puket",4/10/2018 10:26:15,4/10/2018 10:47:51,"I7C"
"puket",4/12/2018 13:00:52,4/12/2018 13:01:08,"I7C"
"puket",4/12/2018 13:01:12,4/12/2018 13:01:14,"I7C"
"puket",4/12/2018 13:01:36,4/12/2018 13:01:57,"I7C"
"puket",4/12/2018 13:01:58,4/12/2018 13:02:00,"I7C"
"puket",4/12/2018 13:02:17,4/12/2018 13:02:19,"I7C"
"puket",4/13/2018 6:43:07,4/13/2018 6:43:08,"I7C"
"puket",4/17/2018 7:54:37,4/17/2018 8:17:45,"I7C"
"puket",4/17/2018 8:23:38,4/17/2018 8:25:28,"I7C"
"puket",4/17/2018 8:25:36,4/17/2018 8:26:16,"I7C"
"puket",4/17/2018 8:57:45,4/17/2018 8:58:32,"I7C"
"puket",4/17/2018 15:19:16,4/17/2018 15:37:07,"I7C"
"puket",4/17/2018 15:37:19,4/17/2018 15:37:22,"I7C"
"puket",4/17/2018 15:37:23,4/17/2018 15:41:54,"I7C"
"puket",4/17/2018 15:42:20,4/17/2018 15:42:41,"I7C"
"puket",4/17/2018 15:43:05,4/17/2018 15:43:10,"I7C"
"puket",4/17/2018 15:43:16,4/17/2018 15:43:18,"I7C"
"puket",4/18/2018 5:24:56,4/18/2018 5:25:51,"I7C"
"puket",4/19/2018 11:17:34,4/19/2018 11:32:42,"I7C"
"puket",4/19/2018 11:32:42,4/19/2018 11:33:20,"I7C"
"puket",4/23/2018 6:54:39,4/23/2018 7:36:11,"I7C"
"puket",4/23/2018 8:29:08,4/23/2018 11:43:09,"I7C"
"puket",4/23/2018 11:45:42,4/23/2018 12:01:13,"I7C"
"puket",4/23/2018 14:02:53,4/23/2018 21:35:00,"I7C"
"puket",4/24/2018 6:51:07,4/24/2018 7:23:05,"I7C"
"puket",4/24/2018 8:00:54,4/24/2018 14:03:31,"I7C"
"puket",4/25/2018 8:33:44,4/25/2018 8:37:45,"I7C"
"puket",4/25/2018 9:57:51,4/25/2018 15:59:16,"I7C"
"puket",4/26/2018 6:02:24,4/26/2018 21:24:38,"I7C"
"puket",4/27/2018 5:41:36,4/27/2018 5:49:55,"I7C"
"puket",4/27/2018 5:50:00,4/27/2018 5:50:33,"I7C"
"puket",4/27/2018 5:50:38,4/27/2018 5:52:05,"I7C"
"puket",4/27/2018 5:52:12,4/27/2018 5:54:04,"I7C"
"puket",4/27/2018 5:54:08,4/27/2018 8:36:06,"I7C"
"puket",4/27/2018 9:12:46,4/27/2018 22:04:18,"I7C"
"puket",4/30/2018 8:01:52,4/30/2018 8:10:46,"I7C"
"puket",4/30/2018 13:17:48,4/30/2018 21:57:48,"I7C"
"puket",5/1/2018 6:29:18,5/1/2018 6:49:11,"I7C"
"puket",5/3/2018 7:39:01,5/3/2018 18:45:01,"I7C"
"puket",5/4/2018 6:31:54,5/4/2018 6:32:04,"I7C"
"puket",5/4/2018 6:32:06,5/4/2018 6:32:52,"I7C"
"puket",5/7/2018 8:16:52,5/7/2018 13:39:18,"I7C"
"puket",5/7/2018 13:39:25,5/7/2018 13:40:19,"I7C"
"puket",5/7/2018 13:40:23,5/7/2018 13:41:42,"I7C"
"puket",5/7/2018 13:41:46,5/7/2018 13:47:02,"I7C"
"puket",5/7/2018 13:47:08,5/7/2018 13:55:35,"I7C"
"puket",5/7/2018 13:55:42,5/7/2018 13:56:25,"I7C"
"puket",5/7/2018 13:56:34,5/7/2018 14:00:52,"I7C"
"puket",5/7/2018 14:00:57,5/7/2018 14:02:20,"I7C"
"puket",5/7/2018 14:02:25,5/7/2018 14:03:45,"I7C"
"puket",5/7/2018 14:03:49,5/7/2018 14:06:27,"I7C"
"puket",5/7/2018 14:06:31,5/7/2018 14:08:09,"I7C"
"puket",5/7/2018 14:08:26,5/7/2018 14:13:01,"I7C"
"puket",5/7/2018 14:13:07,5/7/2018 14:17:59,"I7C"
"puket",5/7/2018 14:18:02,5/7/2018 14:19:36,"I7C"
"puket",5/7/2018 14:19:37,5/7/2018 14:56:07,"I7C"
"puket",5/7/2018 14:56:12,5/7/2018 15:06:44,"I7C"
"puket",5/7/2018 15:06:44,5/7/2018 15:06:46,"I7C"
"puket",5/7/2018 15:06:58,5/7/2018 15:07:09,"I7C"
"puket",5/7/2018 15:07:14,5/7/2018 15:08:44,"I7C"
"puket",5/7/2018 15:08:49,5/7/2018 15:09:22,"I7C"
"puket",5/7/2018 15:09:40,5/7/2018 15:09:46,"I7C"
"puket",5/7/2018 15:09:50,5/7/2018 15:09:53,"I7C"
"puket",5/7/2018 15:09:54,5/7/2018 17:33:15,"I7C"
"puket",5/8/2018 6:07:55,5/8/2018 6:08:32,"I7C"
"puket",5/8/2018 6:22:46,5/8/2018 6:24:49,"I7C"
"puket",5/8/2018 9:29:35,5/8/2018 13:12:04,"I7C"
"puket",5/8/2018 13:29:15,5/8/2018 13:32:23,"I7C"
"puket",5/8/2018 13:32:26,5/8/2018 15:31:13,"I7C"
"puket",5/13/2018 12:33:04,5/13/2018 12:33:14,"I7C"
"puket",5/13/2018 12:33:16,5/13/2018 12:34:19,"I7C"
"puket",5/13/2018 12:47:08,5/13/2018 12:47:13,"I7C"
"puket",5/13/2018 12:53:17,5/13/2018 12:53:31,"I7C"
"puket",5/22/2018 8:23:42,5/22/2018 16:41:23,"I7C"
"puket",5/25/2018 6:53:43,5/25/2018 6:53:47,"I7C"
"puket",5/28/2018 6:24:40,5/28/2018 6:45:55,"I7C"
"puket",5/28/2018 6:46:01,5/28/2018 6:46:32,"I7C"
"puket",5/28/2018 7:23:16,5/28/2018 7:24:37,"I7C"
"puket",5/28/2018 7:42:54,5/28/2018 7:48:12,"I7C"
"puket",9/18/2018 7:49:33,9/18/2018 21:52:36,"I7C"
"puket",9/20/2018 7:01:39,9/20/2018 7:28:03,"I7C"
"puket",9/24/2018 7:04:25,9/24/2018 7:10:22,"I7C"
"puket",9/27/2018 10:38:09,9/27/2018 10:54:39,"I7C"
"puket",10/16/2018 7:28:56,10/16/2018 7:30:35,"I7C"
"puket",10/23/2018 9:41:32,10/23/2018 9:45:11,"I7C"
"puket",10/30/2018 10:42:52,10/30/2018 13:24:43,"I7C"
"puket",10/30/2018 13:27:18,10/30/2018 13:32:53,"I7C"
"puket",10/30/2018 13:38:52,10/30/2018 20:56:13,"I7C"
"puket",11/13/2018 6:53:35,11/13/2018 6:55:55,"I7C"
"puket",11/13/2018 6:56:02,11/13/2018 7:01:35,"I7C"
"puket",11/13/2018 7:02:04,11/13/2018 8:28:23,"I7C"
"puket",11/13/2018 8:28:29,11/13/2018 8:29:35,"I7C"
"puket",11/13/2018 8:29:39,11/13/2018 8:55:27,"I7C"
"puket",11/13/2018 8:55:44,11/13/2018 8:57:29,"I7C"
"puket",11/13/2018 8:57:33,11/13/2018 8:58:24,"I7C"
"puket",11/13/2018 8:58:25,11/13/2018 8:58:32,"I7C"
"puket",11/13/2018 9:02:13,11/13/2018 11:29:46,"I7C"
"puket",11/13/2018 11:29:51,11/13/2018 11:29:53,"I7C"
"puket",11/13/2018 11:29:58,11/13/2018 15:10:52,"I7C"
"puket",11/15/2018 6:59:05,11/15/2018 6:59:09,"I7C"
"puket",11/15/2018 6:59:13,11/15/2018 6:59:25,"I7C"
"puket",11/15/2018 8:38:15,11/15/2018 8:43:39,"I7C"
"puket",11/15/2018 8:51:32,11/15/2018 8:51:44,"I7C"
"puket",11/15/2018 13:56:33,11/15/2018 13:56:51,"I7C"
"puket",11/15/2018 13:56:56,11/15/2018 14:10:44,"I7C"
"puket",11/15/2018 14:10:49,11/15/2018 14:12:38,"I7C"
"puket",11/15/2018 14:12:45,11/15/2018 14:12:57,"I7C"
"puket",11/15/2018 14:12:58,11/15/2018 14:13:28,"I7C"
"puket",11/15/2018 14:13:35,11/15/2018 14:13:50,"I7C"
"puket",11/15/2018 14:13:51,11/15/2018 14:15:46,"I7C"
"puket",11/15/2018 14:16:02,11/15/2018 14:16:55,"I7C"
"puket",11/15/2018 14:16:57,11/15/2018 14:32:22,"I7C"
"puket",11/15/2018 14:32:27,11/15/2018 14:48:40,"I7C"
"puket",11/15/2018 14:48:42,11/15/2018 14:49:37,"I7C"
"puket",11/15/2018 14:49:46,11/15/2018 14:53:12,"I7C"
"puket",11/15/2018 14:53:22,11/15/2018 14:53:47,"I7C"
"puket",11/15/2018 14:53:51,11/15/2018 14:54:01,"I7C"
"puket",11/15/2018 14:54:40,11/15/2018 14:56:19,"I7C"
"puket",11/15/2018 14:56:24,11/15/2018 14:56:30,"I7C"
"puket",11/16/2018 7:15:04,11/16/2018 7:15:28,"I7C"
"puket",11/16/2018 7:15:33,11/16/2018 19:56:16,"I7C"
"puket",11/18/2018 8:14:55,11/18/2018 8:16:14,"I7C"
"puket",11/18/2018 8:16:16,11/18/2018 8:16:22,"I7C"
"puket",11/18/2018 8:16:23,11/18/2018 8:16:46,"I7C"
"puket",11/21/2018 10:10:09,11/21/2018 10:28:45,"I7C"
"puket",11/21/2018 10:28:52,11/21/2018 10:29:15,"I7C"
"puket",11/21/2018 11:34:23,11/21/2018 11:36:33,"I7C"
"puket",11/22/2018 5:48:32,11/22/2018 5:48:50,"I7C"
"puket",11/22/2018 5:49:01,11/22/2018 5:49:04,"I7C"
"puket",11/26/2018 7:51:28,11/26/2018 9:19:56,"I7C"
"puket",11/26/2018 9:40:12,11/26/2018 9:43:26,"I7C"
"puket",11/29/2018 7:12:49,11/29/2018 7:36:19,"I7C"
"puket",12/3/2018 7:03:30,12/3/2018 7:08:40,"I7C"
"puket",12/3/2018 7:12:21,12/3/2018 7:17:47,"I7C"
"puket",12/3/2018 7:40:43,12/3/2018 9:45:59,"I7C"
"puket",12/3/2018 10:46:42,12/3/2018 15:19:19,"I7C"
"puket",12/4/2018 9:39:56,12/4/2018 9:40:14,"I7C"
"puket",12/4/2018 9:40:20,12/4/2018 11:28:31,"I7C"
"puket",12/4/2018 13:52:06,12/4/2018 13:52:22,"I7C"
"puket",12/4/2018 14:00:02,12/4/2018 15:39:24,"I7C"
"puket",12/5/2018 6:55:06,12/5/2018 7:52:19,"I7C"
"puket",12/5/2018 8:02:52,12/5/2018 10:09:31,"I7C"
"puket",12/6/2018 6:26:51,12/6/2018 6:26:53,"I7C"
"puket",12/10/2018 7:59:04,12/10/2018 8:00:24,"I7C"
"puket",12/11/2018 7:32:27,12/11/2018 7:34:12,"I7C"
"puket",12/27/2018 11:49:47,12/27/2018 17:30:53,"I7C"
"puket",1/2/2019 8:32:45,1/2/2019 21:15:47,"I7C"
"puket",1/3/2019 6:39:12,1/3/2019 7:59:29,"I7C"
"puket",1/8/2019 6:38:09,1/8/2019 6:47:07,"I7C"
"puket",1/8/2019 6:49:14,1/8/2019 6:52:46,"I7C"
"puket",1/8/2019 7:34:57,1/8/2019 17:38:05,"I7C"
"puket",1/10/2019 7:58:08,1/10/2019 8:05:46,"I7C"
"puket",1/10/2019 15:49:08,1/10/2019 15:56:28,"I7C"
"puket",1/14/2019 13:31:54,1/14/2019 13:32:30,"I7C"
"puket",1/14/2019 13:41:16,1/14/2019 13:49:06,"I7C"
"puket",1/15/2019 11:31:04,1/15/2019 11:31:47,"I7C"
"puket",1/18/2019 8:27:45,1/18/2019 8:27:48,"I7C"
"puket",1/18/2019 9:38:05,1/18/2019 9:41:58,"I7C"
"puket",1/18/2019 14:32:04,1/18/2019 14:35:00,"I7C"
"puket",1/19/2019 12:40:59,1/19/2019 12:44:57,"I7C"
"puket",1/20/2019 7:33:47,1/20/2019 7:34:02,"I7C"
"puket",1/20/2019 9:16:27,1/20/2019 9:30:15,"I7C"
"puket",1/21/2019 6:08:40,1/21/2019 6:09:40,"I7C"
"puket",1/21/2019 6:12:51,1/21/2019 6:14:43,"I7C"
"puket",1/21/2019 6:34:28,1/21/2019 7:05:06,"I7C"
"puket",1/21/2019 9:10:39,1/21/2019 9:11:03,"I7C"
"puket",1/21/2019 11:23:22,1/21/2019 11:24:05,"I7C"
"puket",1/21/2019 11:40:42,1/21/2019 13:36:35,"I7C"
"puket",1/22/2019 7:11:23,1/22/2019 7:12:26,"I7C"
"puket",1/22/2019 7:12:33,1/22/2019 7:17:07,"I7C"
"puket",1/22/2019 7:52:49,1/22/2019 7:54:58,"I7C"
"puket",1/22/2019 9:42:19,1/22/2019 14:32:18,"I7C"
"puket",1/23/2019 10:54:09,1/23/2019 10:56:28,"I7C"
"puket",1/24/2019 7:38:21,1/24/2019 12:56:14,"I7C"
"puket",1/25/2019 8:22:54,1/25/2019 19:27:39,"I7C"
"puket",1/26/2019 9:33:34,1/26/2019 9:33:36,"I7C"
"puket",1/28/2019 6:46:21,1/28/2019 7:02:29,"I7C"
"puket",1/28/2019 7:08:11,1/28/2019 7:52:48,"I7C"
"puket",1/28/2019 7:52:53,1/28/2019 7:53:11,"I7C"
"puket",1/28/2019 8:20:26,1/28/2019 8:24:00,"I7C"
"puket",1/28/2019 13:28:40,1/28/2019 16:06:52,"I7C"
"puket",1/29/2019 6:51:26,1/29/2019 15:35:33,"I7C"
"puket",1/31/2019 8:44:27,1/31/2019 8:47:31,"I7C"
"puket",2/5/2019 7:14:02,2/5/2019 7:52:10,"I7C"
"puket",2/6/2019 6:59:49,2/6/2019 10:20:13,"I7C"
"puket",2/6/2019 11:57:21,2/6/2019 18:24:20,"I7C"
"puket",2/7/2019 12:02:54,2/7/2019 12:06:40,"I7C"
"puket",2/7/2019 14:02:07,2/7/2019 14:06:53,"I7C"
"puket",2/11/2019 6:25:02,2/11/2019 7:09:17,"I7C"
"puket",2/11/2019 7:11:06,2/11/2019 7:15:37,"I7C"
"puket",2/11/2019 7:20:31,2/11/2019 7:20:46,"I7C"
"puket",2/11/2019 7:20:48,2/11/2019 7:22:05,"I7C"
"puket",2/14/2019 7:29:59,2/14/2019 7:32:24,"I7C"
"puket",2/14/2019 7:32:26,2/14/2019 7:45:13,"I7C"
"puket",2/14/2019 7:45:15,2/14/2019 7:48:14,"I7C"
"puket",2/14/2019 13:43:36,2/14/2019 13:45:51,"I7C"
"puket",2/14/2019 13:45:53,2/14/2019 13:46:46,"I7C"
"puket",2/14/2019 13:55:19,2/14/2019 13:55:26,"I7C"
"puket",2/15/2019 6:33:43,2/15/2019 6:52:35,"I7C"
"puket",2/18/2019 12:08:32,2/18/2019 19:07:54,"I7C"
"puket",2/19/2019 12:57:26,2/19/2019 13:05:28,"I7C"
"puket",2/25/2019 13:35:01,2/25/2019 14:30:54,"I7C"
"puket",2/26/2019 8:35:24,2/26/2019 8:43:13,"I7C"
"puket",2/27/2019 8:31:43,2/27/2019 8:42:04,"I7C"
"puket",2/27/2019 9:15:11,2/27/2019 10:54:50,"I7C"
"puket",2/28/2019 7:53:49,2/28/2019 10:03:02,"I7C"
"puket",2/28/2019 11:28:40,2/28/2019 17:35:00,"I7C"
"puket",3/1/2019 6:52:07,3/1/2019 6:57:05,"I7C"
"puket",3/1/2019 13:58:30,3/1/2019 14:00:23,"I7C"
"puket",3/5/2019 12:03:21,3/5/2019 12:11:29,"I7C"
"puket",3/5/2019 12:15:57,3/5/2019 12:16:42,"I7C"
"puket",3/5/2019 12:16:46,3/5/2019 12:17:27,"I7C"
"puket",3/5/2019 12:17:32,3/5/2019 12:18:10,"I7C"
"puket",3/5/2019 12:18:15,3/5/2019 12:19:18,"I7C"
"puket",3/5/2019 12:19:22,3/5/2019 12:19:32,"I7C"
"puket",3/5/2019 12:19:37,3/5/2019 12:20:38,"I7C"
"puket",3/5/2019 12:20:42,3/5/2019 12:20:54,"I7C"
"puket",3/5/2019 12:25:19,3/5/2019 12:26:52,"I7C"
"puket",3/5/2019 12:26:57,3/5/2019 12:27:06,"I7C"
"puket",3/5/2019 12:29:23,3/5/2019 12:29:25,"I7C"
"puket",3/5/2019 12:35:25,3/5/2019 12:36:25,"I7C"
"puket",3/5/2019 12:36:31,3/5/2019 12:37:30,"I7C"
"puket",3/5/2019 12:39:04,3/5/2019 12:47:59,"I7C"
"puket",3/5/2019 12:50:25,3/5/2019 12:56:50,"I7C"
"puket",3/5/2019 13:01:00,3/5/2019 13:08:02,"I7C"
"puket",3/5/2019 13:11:43,3/5/2019 13:11:54,"I7C"
"laddi",3/5/2019 13:26:01,3/5/2019 13:26:54,"I7C"
"puket",3/7/2019 7:06:14,3/7/2019 7:35:49,"I7C"
"puket",3/7/2019 9:19:38,3/7/2019 9:52:39,"I7C"
"puket",3/7/2019 9:52:43,3/7/2019 9:52:45,"I7C"
"puket",3/7/2019 9:52:57,3/7/2019 9:52:58,"I7C"
"puket",3/7/2019 9:57:31,3/7/2019 9:58:01,"I7C"
"puket",3/7/2019 10:00:07,3/7/2019 10:00:08,"I7C"
"puket",3/7/2019 10:00:20,3/7/2019 10:00:31,"I7C"
"puket",3/7/2019 10:00:43,3/7/2019 10:01:05,"I7C"
"puket",3/7/2019 10:01:29,3/7/2019 10:01:29,"I7C"
"puket",3/7/2019 10:02:33,3/7/2019 10:02:35,"I7C"
"puket",3/7/2019 10:02:44,3/7/2019 10:02:48,"I7C"
"puket",3/7/2019 10:02:55,3/7/2019 10:02:59,"I7C"
"puket",3/7/2019 10:03:25,3/7/2019 10:03:25,"I7C"
"puket",3/7/2019 10:03:50,3/7/2019 10:03:56,"I7C"
"puket",3/7/2019 10:04:38,3/7/2019 10:04:43,"I7C"
"puket",3/7/2019 10:05:01,3/7/2019 10:05:02,"I7C"
"puket",3/7/2019 10:05:16,3/7/2019 10:19:13,"I7C"
"puket",3/8/2019 6:51:11,3/8/2019 6:51:12,"I7C"
"puket",5/19/2019 9:49:23,5/19/2019 9:50:42,"I7C"
"puket",6/5/2019 17:08:41,6/5/2019 17:21:09,"I7C"
"puket",6/6/2019 12:12:23,6/6/2019 12:20:42,"I7C"
"puket",6/6/2019 13:01:42,6/6/2019 13:06:46,"I7C"
"puket",6/6/2019 13:07:54,6/6/2019 15:29:47,"I7C"
"puket",6/6/2019 15:30:16,6/6/2019 15:31:29,"I7C"
"puket",6/6/2019 15:38:42,6/6/2019 15:38:52,"I7C"
"puket",6/6/2019 15:44:56,6/6/2019 15:44:58,"I7C"
"puket",6/7/2019 6:04:34,6/7/2019 7:10:49,"I7C"
"puket",6/7/2019 8:41:20,6/7/2019 8:43:11,"I7C"
"puket",6/7/2019 8:44:15,6/7/2019 9:44:14,"I7C"
"puket",6/7/2019 10:15:15,6/7/2019 10:21:51,"I7C"
"puket",6/7/2019 11:24:42,6/7/2019 11:25:30,"I7C"
"puket",6/8/2019 7:40:19,6/8/2019 7:47:38,"I7C"
"puket",6/8/2019 7:51:15,6/8/2019 19:31:46,"I7C"
"puket",6/9/2019 6:56:46,6/9/2019 7:43:24,"I7C"
"puket",6/9/2019 7:43:39,6/9/2019 8:15:56,"I7C"
"puket",6/11/2019 7:05:06,6/11/2019 7:06:42,"I7C"
"puket",6/11/2019 7:12:00,6/11/2019 7:12:27,"I7C"
"puket",6/11/2019 7:13:28,6/11/2019 7:16:46,"I7C"
"puket",7/12/2019 16:44:18,7/12/2019 16:51:25,"I7C"
"puket",7/13/2019 9:48:31,7/13/2019 10:33:29,"I7C"
"puket",7/13/2019 10:42:31,7/13/2019 18:21:09,"I7C"
"puket",7/13/2019 18:22:29,7/13/2019 18:23:51,"I7C"
"puket",7/13/2019 18:24:24,7/13/2019 18:27:00,"I7C"
"puket",7/14/2019 7:20:38,7/14/2019 7:26:45,"I7C"
"puket",7/16/2019 7:49:10,7/16/2019 7:56:19,"I7C"
"puket",8/18/2019 7:23:28,8/18/2019 7:32:00,"I7C"
"puket",9/19/2019 15:41:21,9/19/2019 15:56:35,"I7C"
"puket",9/20/2019 8:08:00,9/20/2019 8:14:21,"I7C"
"puket",9/26/2019 7:44:58,9/26/2019 7:46:13,"I7C"
"puket",9/26/2019 7:46:55,9/26/2019 7:47:21,"I7C"
"puket",9/26/2019 7:47:47,9/26/2019 19:16:58,"I7C"
"puket",9/27/2019 7:51:40,9/27/2019 7:52:38,"I7C"
"puket",9/27/2019 9:55:15,9/27/2019 9:56:27,"I7C"
"puket",9/27/2019 10:01:31,9/27/2019 10:08:06,"I7C"
"puket",9/27/2019 10:08:38,9/27/2019 10:08:48,"I7C"
"puket",9/27/2019 10:08:49,9/27/2019 10:08:56,"I7C"
"puket",9/27/2019 10:09:06,9/27/2019 10:09:35,"I7C"
"puket",9/27/2019 10:09:45,9/27/2019 10:15:18,"I7C"
"puket",9/27/2019 10:15:42,9/27/2019 10:18:44,"I7C"
"puket",9/27/2019 10:18:59,9/27/2019 10:23:16,"I7C"
"puket",9/27/2019 10:23:17,9/27/2019 10:23:19,"I7C"
"puket",9/27/2019 10:23:31,9/27/2019 10:25:39,"I7C"
"puket",9/27/2019 10:25:51,9/27/2019 18:37:41,"I7C"
"puket",9/30/2019 7:20:21,9/30/2019 9:13:26,"I7C"
"puket",9/30/2019 9:16:11,9/30/2019 9:17:33,"I7C"
"puket",9/30/2019 9:17:36,9/30/2019 9:18:02,"I7C"
"puket",9/30/2019 9:18:05,9/30/2019 9:44:22,"I7C"
"puket",10/1/2019 8:03:25,10/1/2019 8:04:59,"I7C"
"puket",10/1/2019 8:05:03,10/1/2019 10:26:59,"I7C"
"puket",10/2/2019 7:20:05,10/2/2019 11:33:25,"I7C"
"puket",10/3/2019 6:28:33,10/3/2019 11:13:31,"I7C"
"puket",10/7/2019 11:40:13,10/7/2019 11:50:45,"I7C"
"puket",10/7/2019 11:50:47,10/7/2019 11:55:43,"I7C"
"puket",10/8/2019 9:06:40,10/8/2019 9:44:40,"I7C"
"puket",10/8/2019 9:47:15,10/8/2019 16:16:18,"I7C"
"Russell Klassen",10/8/2019 16:27:37,10/8/2019 16:47:44,"MAC"
"Russell Klassen",10/8/2019 16:55:16,10/8/2019 16:55:27,"MAC"
"Russell Klassen",10/8/2019 16:55:35,10/8/2019 16:57:15,"MAC"
"puket",10/15/2019 12:03:54,10/15/2019 12:04:45,"I7C"
"puket",10/15/2019 12:04:51,10/15/2019 12:05:26,"I7C"
"puket",10/15/2019 13:18:10,10/15/2019 13:18:32,"I7C"
"puket",10/16/2019 11:57:22,10/16/2019 15:15:04,"I7C"
"puket",10/16/2019 15:15:10,10/16/2019 19:30:27,"I7C"
"puket",10/17/2019 7:21:12,10/17/2019 15:30:37,"I7C"
"puket",10/18/2019 9:52:23,10/18/2019 11:37:54,"I7C"
"puket",10/21/2019 7:13:11,10/21/2019 9:17:15,"I7C"
"puket",10/21/2019 10:35:30,10/21/2019 17:37:44,"I7C"
"puket",10/22/2019 6:40:18,10/22/2019 6:58:20,"I7C"
"puket",10/22/2019 6:58:23,10/22/2019 6:58:53,"I7C"
"puket",10/22/2019 8:07:32,10/22/2019 8:08:40,"I7C"
"puket",10/22/2019 8:08:46,10/22/2019 8:18:27,"I7C"
"puket",10/24/2019 7:52:52,10/24/2019 8:01:41,"I7C"
"puket",11/4/2019 7:09:32,11/4/2019 7:09:37,"I7C"
"puket",11/4/2019 7:09:39,11/4/2019 7:10:41,"I7C"
"puket",11/6/2019 9:53:29,11/6/2019 9:53:32,"I7C"
"puket",11/6/2019 9:56:10,11/6/2019 9:56:10,"I7C"
"puket",11/6/2019 9:57:48,11/6/2019 9:57:48,"I7C"
"puket",11/6/2019 10:04:03,11/6/2019 10:04:03,"I7C"
"puket",11/6/2019 10:07:03,11/6/2019 10:07:04,"I7C"
"puket",11/6/2019 10:10:21,11/6/2019 10:10:51,"I7C"
"puket",11/6/2019 10:11:52,11/6/2019 10:12:04,"I7C"
"puket",11/6/2019 10:59:14,11/6/2019 11:06:45,"I7C"
"puket",11/12/2019 7:22:15,11/12/2019 7:24:30,"I7C"
"puket",11/12/2019 7:29:09,11/13/2019 13:15:53,"I7C"
"puket",11/14/2019 13:25:34,11/14/2019 15:37:48,"I7C"
"puket",11/18/2019 11:51:30,11/18/2019 11:53:15,"I7C"
"puket",11/18/2019 11:53:17,11/18/2019 11:53:21,"I7C"
"puket",11/18/2019 11:53:23,11/18/2019 11:53:43,"I7C"
"puket",11/18/2019 11:53:44,11/18/2019 11:54:41,"I7C"
"puket",11/20/2019 9:26:09,11/20/2019 9:48:52,"I7C"
"puket",11/20/2019 9:49:13,11/20/2019 9:49:13,"I7C"
"puket",11/20/2019 11:19:08,11/20/2019 11:19:08,"I7C"
"puket",11/20/2019 12:01:31,11/20/2019 12:06:43,"I7C"
"puket",11/20/2019 13:34:37,11/20/2019 13:46:46,"I7C"
"puket",11/21/2019 7:55:16,11/21/2019 8:10:21,"I7C"
"puket",11/21/2019 8:10:22,11/21/2019 8:10:24,"I7C"
"puket",11/21/2019 8:10:46,11/21/2019 9:11:12,"I7C"
"puket",11/21/2019 9:11:14,11/21/2019 9:11:23,"I7C"
"puket",11/21/2019 9:12:07,11/21/2019 11:08:17,"I7C"
"puket",11/21/2019 11:08:20,11/21/2019 11:08:25,"I7C"
"puket",11/21/2019 11:08:35,11/21/2019 11:09:59,"I7C"
"puket",11/21/2019 11:10:31,11/21/2019 11:11:03,"I7C"
"puket",11/21/2019 11:11:08,11/21/2019 11:39:07,"I7C"
"puket",11/21/2019 11:39:57,11/21/2019 17:19:42,"I7C"
"puket",11/22/2019 9:26:08,11/22/2019 20:12:41,"I7C"
"puket",11/23/2019 8:58:22,11/23/2019 8:59:38,"I7C"
"puket",11/23/2019 8:59:40,11/23/2019 8:59:43,"I7C"
"puket",11/23/2019 8:59:45,11/23/2019 9:00:24,"I7C"
"puket",11/26/2019 8:30:45,11/26/2019 16:21:05,"I7C"
"puket",11/27/2019 7:41:45,12/2/2019 8:08:07,"I7C"
"puket",12/2/2019 8:17:11,12/2/2019 9:27:17,"I7C"
"puket",12/2/2019 9:31:04,12/2/2019 9:31:08,"I7C"
"puket",12/2/2019 9:31:46,12/2/2019 10:07:53,"I7C"
"puket",12/2/2019 10:12:30,12/5/2019 13:54:58,"I7C"
"puket",12/5/2019 14:23:31,12/5/2019 14:26:55,"I7C"
"puket",12/5/2019 15:26:22,12/5/2019 15:59:07,"I7C"
"puket",12/12/2019 14:48:24,12/12/2019 15:57:20,"I7C"
"puket",12/12/2019 15:57:23,12/12/2019 15:57:25,"I7C"
"puket",12/12/2019 15:57:32,12/13/2019 7:52:51,"I7C"
"puket",12/13/2019 8:44:39,12/13/2019 15:20:22,"I7C"
"puket",12/13/2019 15:20:32,12/13/2019 15:22:08,"I7C"
"puket",12/13/2019 15:23:22,12/13/2019 15:23:34,"I7C"
"puket",12/13/2019 15:23:36,12/13/2019 15:23:45,"I7C"
"puket",12/13/2019 15:23:46,12/13/2019 15:24:10,"I7C"
"puket",12/13/2019 15:40:01,12/13/2019 15:44:51,"I7C"
"puket",12/14/2019 14:42:00,12/14/2019 14:57:42,"I7C"
"puket",12/14/2019 14:59:32,12/14/2019 16:54:17,"I7C"
"puket",12/15/2019 7:44:23,12/15/2019 8:00:39,"I7C"
"puket",12/15/2019 8:19:31,12/15/2019 8:35:10,"I7C"
"puket",12/15/2019 8:51:48,12/15/2019 10:11:41,"I7C"
"puket",12/15/2019 10:17:16,12/15/2019 10:18:48,"I7C"
"puket",12/15/2019 10:32:16,12/15/2019 11:16:14,"I7C"
"puket",12/15/2019 11:41:49,12/15/2019 11:42:07,"I7C"
"puket",12/16/2019 7:02:41,12/16/2019 7:12:59,"I7C"
"puket",12/16/2019 7:15:50,12/16/2019 9:07:05,"I7C"
"puket",12/16/2019 9:08:01,12/16/2019 9:10:32,"I7C"
"puket",12/16/2019 9:11:29,12/16/2019 9:29:38,"I7C"
"puket",12/16/2019 9:34:45,12/16/2019 13:07:52,"I7C"
"puket",12/17/2019 7:05:20,12/17/2019 9:00:51,"I7C"
"puket",12/17/2019 9:00:54,12/17/2019 9:07:16,"I7C"
"puket",12/17/2019 9:07:17,12/17/2019 9:11:59,"I7C"
"puket",12/17/2019 9:12:01,12/17/2019 9:14:40,"I7C"
"puket",12/17/2019 9:15:35,12/17/2019 16:04:42,"I7C"
"puket",12/17/2019 17:52:53,12/17/2019 18:01:29,"I7C"
"puket",12/17/2019 18:01:31,12/17/2019 18:01:35,"I7C"
"puket",12/17/2019 18:01:36,12/17/2019 18:02:08,"I7C"
"puket",12/18/2019 7:17:27,12/18/2019 7:22:20,"I7C"
"puket",12/18/2019 7:47:36,12/18/2019 16:16:58,"I7C"
"puket",12/19/2019 6:49:19,12/19/2019 7:21:43,"I7C"
"puket",12/19/2019 7:21:45,12/19/2019 7:21:51,"I7C"
"puket",12/19/2019 7:21:53,12/19/2019 7:22:20,"I7C"
"puket",12/20/2019 7:51:31,12/20/2019 7:51:37,"I7C"
"puket",12/20/2019 7:52:08,12/20/2019 12:58:03,"I7C"
"puket",12/20/2019 12:58:05,12/20/2019 12:58:09,"I7C"
"puket",12/20/2019 12:58:12,12/20/2019 12:59:41,"I7C"
"puket",12/20/2019 12:59:48,12/20/2019 15:23:28,"I7C"
"puket",12/20/2019 15:23:30,12/20/2019 15:23:49,"I7C"
"puket",12/23/2019 5:10:59,12/23/2019 5:46:38,"I7C"
"puket",12/23/2019 5:46:40,12/23/2019 5:46:43,"I7C"
"puket",12/23/2019 5:48:00,12/23/2019 5:48:11,"I7C"
"puket",12/23/2019 5:57:34,12/23/2019 6:04:17,"I7C"
"puket",12/23/2019 6:04:19,12/23/2019 6:05:35,"I7C"
"puket",12/23/2019 6:06:55,12/24/2019 6:58:34,"I7C"
"puket",12/24/2019 6:59:43,12/24/2019 7:00:09,"I7C"
"puket",12/27/2019 6:45:56,12/27/2019 7:02:30,"I7C"
"puket",12/27/2019 7:02:34,12/27/2019 9:04:04,"I7C"
"puket",12/27/2019 9:14:04,12/27/2019 10:25:21,"I7C"
"puket",12/27/2019 10:25:41,12/27/2019 11:38:08,"I7C"
"puket",12/27/2019 11:38:18,12/27/2019 13:36:07,"I7C"
"puket",12/28/2019 7:34:06,12/28/2019 12:51:41,"I7C"
"puket",12/29/2019 8:02:49,12/29/2019 8:38:48,"I7C"
"puket",12/29/2019 9:54:00,12/29/2019 9:54:02,"I7C"
"puket",12/29/2019 9:54:08,12/29/2019 9:54:16,"I7C"
"puket",12/29/2019 9:54:20,12/29/2019 9:54:23,"I7C"
"puket",12/29/2019 9:54:53,12/29/2019 9:54:55,"I7C"
"puket",12/29/2019 9:55:00,12/29/2019 9:55:17,"I7C"
"puket",12/29/2019 11:29:56,12/29/2019 11:38:25,"I7C"
"puket",12/29/2019 11:47:22,12/29/2019 18:33:08,"I7C"
"puket",12/30/2019 6:01:08,12/30/2019 6:03:12,"I7C"
"puket",12/30/2019 6:11:43,12/30/2019 10:03:49,"I7C"
"puket",12/30/2019 10:04:12,12/30/2019 10:04:15,"I7C"
"puket",12/30/2019 10:04:19,12/30/2019 10:04:25,"I7C"
"puket",12/30/2019 10:04:29,12/30/2019 14:13:01,"I7C"
"puket",12/31/2019 6:36:53,12/31/2019 21:26:52,"I7C"
"puket",1/2/2020 6:36:24,1/2/2020 15:28:09,"I7C"
"puket",1/6/2020 7:01:54,1/6/2020 7:03:28,"I7C"
"puket",1/6/2020 7:04:08,1/6/2020 7:04:16,"I7C"
"puket",1/6/2020 7:04:17,1/6/2020 7:06:07,"I7C"
"puket",1/6/2020 7:06:08,1/6/2020 7:06:37,"I7C"
"puket",1/6/2020 7:17:25,1/6/2020 7:36:23,"I7C"
"puket",1/6/2020 7:51:16,1/6/2020 8:14:55,"I7C"
"puket",1/6/2020 8:15:53,1/7/2020 15:54:19,"I7C"
"puket",1/8/2020 7:38:14,1/8/2020 8:37:56,"I7C"
"puket",1/8/2020 8:37:58,1/8/2020 8:40:58,"I7C"
"puket",1/8/2020 15:19:20,1/8/2020 15:19:27,"I7C"
"puket",1/8/2020 15:19:29,1/8/2020 15:20:01,"I7C"
"puket",1/9/2020 7:27:19,1/9/2020 7:29:09,"I7C"
"puket",1/9/2020 9:44:50,1/9/2020 18:21:42,"I7C"
"puket",1/13/2020 7:14:39,1/13/2020 7:20:39,"I7C"
"puket",1/13/2020 11:09:32,1/13/2020 11:09:38,"I7C"
"puket",1/13/2020 11:13:04,1/13/2020 11:26:46,"I7C"
"puket",1/13/2020 11:37:56,1/13/2020 11:39:14,"I7C"
"puket",1/13/2020 11:39:19,1/13/2020 11:45:09,"I7C"
"puket",1/13/2020 11:45:11,1/13/2020 11:45:36,"I7C"
"puket",1/13/2020 13:02:46,1/13/2020 13:23:54,"I7C"
"puket",1/14/2020 6:15:29,1/14/2020 9:50:30,"I7C"
"puket",1/14/2020 9:50:50,1/14/2020 14:58:33,"I7C"
"puket",1/16/2020 7:44:49,1/16/2020 7:45:40,"I7C"
"puket",1/16/2020 7:45:42,1/16/2020 7:45:45,"I7C"
"puket",1/16/2020 7:45:47,1/16/2020 7:48:39,"I7C"
"puket",1/16/2020 11:54:33,1/17/2020 8:04:26,"I7C"
"puket",1/21/2020 7:39:53,1/21/2020 11:46:03,"I7C"
"puket",1/27/2020 6:45:56,1/27/2020 6:47:54,"I7C"
"puket",1/27/2020 6:48:54,1/27/2020 6:49:35,"I7C"
"puket",2/3/2020 7:54:17,2/3/2020 10:32:03,"I7C"
"puket",2/3/2020 11:51:16,2/3/2020 11:55:04,"I7C"
"puket",2/4/2020 9:15:31,2/4/2020 9:18:03,"I7C"
"puket",2/4/2020 10:10:57,2/4/2020 11:04:47,"I7C"
"puket",2/4/2020 11:52:56,2/4/2020 11:56:08,"I7C"
"puket",2/5/2020 7:42:27,2/7/2020 10:22:04,"I7C"
"puket",2/7/2020 10:22:14,2/7/2020 10:23:00,"I7C"
"puket",2/18/2020 11:42:53,2/18/2020 11:47:34,"I7C"
"puket",2/19/2020 9:27:57,2/19/2020 10:10:25,"I7C"
"puket",2/19/2020 10:10:37,2/19/2020 19:48:58,"I7C"
"puket",2/20/2020 6:46:28,2/20/2020 7:06:43,"I7C"
"puket",2/20/2020 7:07:04,2/20/2020 7:15:12,"I7C"
"puket",2/20/2020 7:15:20,2/20/2020 7:19:46,"I7C"
"puket",2/20/2020 7:19:49,2/20/2020 7:22:01,"I7C"
"puket",2/20/2020 7:22:04,2/20/2020 7:25:13,"I7C"
"puket",2/20/2020 7:25:16,2/20/2020 7:25:42,"I7C"
"puket",2/20/2020 7:25:45,2/20/2020 7:43:38,"I7C"
"puket",2/20/2020 7:43:41,2/20/2020 7:57:48,"I7C"
"puket",2/20/2020 7:57:51,2/20/2020 9:08:01,"I7C"
"puket",2/20/2020 9:08:03,2/20/2020 9:08:05,"I7C"
"puket",2/20/2020 9:22:33,2/20/2020 9:27:01,"I7C"
"puket",2/20/2020 9:28:28,2/20/2020 11:39:47,"I7C"
"puket",2/20/2020 11:56:06,2/20/2020 15:23:21,"I7C"
"puket",2/21/2020 7:45:40,2/21/2020 8:45:57,"I7C"
"puket",2/21/2020 8:56:24,2/21/2020 8:56:27,"I7C"
"puket",2/21/2020 8:56:28,2/21/2020 8:56:41,"I7C"
"puket",2/21/2020 8:56:42,2/21/2020 8:57:19,"I7C"
"puket",2/21/2020 9:26:24,2/21/2020 9:26:47,"I7C"
"puket",2/24/2020 7:19:29,2/24/2020 7:23:46,"I7C"
"puket",2/24/2020 7:59:09,2/24/2020 15:12:24,"I7C"
"puket",2/24/2020 15:12:58,2/24/2020 17:54:41,"I7C"
"puket",2/25/2020 11:28:13,2/25/2020 13:52:18,"I7C"
"puket",3/1/2020 7:19:36,3/1/2020 7:42:52,"I7C"
"puket",3/1/2020 7:42:54,3/1/2020 7:43:28,"I7C"
"puket",3/10/2020 16:06:29,3/12/2020 7:24:24,"I7C"
"puket",3/26/2020 10:16:07,3/26/2020 11:27:07,"I7C"
"puket",3/26/2020 11:28:07,3/26/2020 16:13:07,"I7C"
"puket",3/27/2020 7:11:48,3/27/2020 7:17:49,"I7C"
"puket",3/27/2020 7:21:26,3/27/2020 7:21:39,"I7C"
"puket",3/27/2020 7:24:08,3/27/2020 7:26:56,"I7C"
"puket",3/27/2020 7:26:57,3/27/2020 7:26:59,"I7C"
"puket",3/30/2020 12:16:40,3/30/2020 12:17:51,"I7C"
"puket",3/30/2020 12:18:03,3/30/2020 12:18:24,"I7C"
"puket",3/30/2020 12:18:26,3/30/2020 12:18:29,"I7C"
"puket",3/30/2020 12:18:30,3/30/2020 12:18:56,"I7C"
"puket",3/31/2020 5:23:52,3/31/2020 17:56:07,"I7C"
"puket",4/1/2020 10:42:32,4/1/2020 11:09:09,"I7C"
"puket",4/1/2020 11:09:48,4/1/2020 11:17:57,"I7C"
"puket",4/1/2020 11:25:59,4/1/2020 11:28:10,"I7C"
"puket",4/6/2020 6:28:13,4/6/2020 6:43:24,"I7C"
"puket",4/6/2020 6:49:56,4/6/2020 6:50:27,"I7C"
"puket",4/6/2020 13:26:07,4/6/2020 13:28:37,"I7C"
"puket",4/6/2020 13:31:22,4/6/2020 13:39:25,"I7C"
"puket",4/6/2020 13:39:31,4/6/2020 13:40:21,"I7C"
"puket",4/6/2020 13:40:48,4/6/2020 13:42:27,"I7C"
"puket",4/6/2020 13:42:53,4/6/2020 14:21:52,"I7C"
"puket",4/6/2020 14:22:08,4/6/2020 14:23:37,"I7C"
"puket",4/6/2020 14:23:57,4/6/2020 14:26:37,"I7C"
"puket",4/6/2020 14:26:58,4/6/2020 15:12:32,"I7C"
"puket",4/6/2020 15:12:37,4/6/2020 15:16:36,"I7C"
"puket",4/6/2020 15:16:50,4/6/2020 15:22:03,"I7C"
"puket",4/6/2020 15:22:09,4/6/2020 15:24:10,"I7C"
"puket",4/6/2020 15:24:50,4/6/2020 15:36:52,"I7C"
"puket",4/6/2020 15:37:34,4/6/2020 15:38:01,"I7C"
"puket",4/6/2020 15:38:15,4/6/2020 15:42:27,"I7C"
"puket",4/6/2020 15:43:09,4/6/2020 15:43:56,"I7C"
"puket",4/6/2020 15:44:10,4/6/2020 15:45:31,"I7C"
"puket",4/6/2020 15:45:37,4/6/2020 15:45:58,"I7C"
"puket",4/6/2020 15:46:11,4/6/2020 15:50:03,"I7C"
"puket",4/6/2020 15:51:54,4/6/2020 15:55:14,"I7C"
"puket",4/6/2020 15:55:34,4/6/2020 17:38:28,"I7C"
"puket",4/6/2020 19:05:16,4/7/2020 8:15:06,"I7C"
"puket",4/7/2020 8:17:14,4/7/2020 8:47:41,"I7C"
"puket",4/7/2020 10:44:34,4/7/2020 10:44:42,"I7C"
"puket",4/7/2020 10:47:21,4/7/2020 15:16:56,"I7C"
"puket",4/7/2020 15:30:42,4/7/2020 15:34:19,"I7C"
"puket",4/7/2020 15:34:43,4/7/2020 15:34:51,"I7C"
"puket",4/8/2020 6:25:22,4/8/2020 7:17:49,"I7C"
"puket",4/8/2020 7:26:23,4/8/2020 13:35:22,"I7C"
"puket",4/8/2020 13:45:57,4/9/2020 7:42:24,"I7C"
"puket",4/9/2020 7:43:42,4/9/2020 7:47:43,"I7C"
"puket",4/9/2020 7:48:48,4/9/2020 14:50:49,"I7C"
"puket",4/9/2020 14:53:20,4/9/2020 14:56:24,"I7C"
"puket",4/9/2020 14:59:10,4/9/2020 15:00:46,"I7C"
"puket",4/14/2020 9:01:45,4/14/2020 15:35:45,"I7C"
"puket",4/15/2020 7:41:17,4/15/2020 7:56:02,"I7C"
"puket",4/15/2020 8:03:19,4/15/2020 16:01:05,"I7C"
"puket",4/16/2020 5:47:14,4/16/2020 7:41:50,"I7C"
"puket",4/16/2020 7:58:28,4/16/2020 9:41:56,"I7C"
"puket",4/16/2020 9:43:29,4/16/2020 12:58:08,"I7C"
"puket",4/16/2020 12:58:34,4/16/2020 13:55:25,"I7C"
"puket",4/16/2020 13:55:27,4/16/2020 13:55:32,"I7C"
"puket",4/17/2020 7:17:34,4/17/2020 16:02:18,"I7C"
"puket",4/20/2020 6:55:52,4/21/2020 6:33:16,"I7C"
"puket",4/21/2020 9:09:50,4/23/2020 7:32:55,"I7C"
"puket",4/23/2020 9:40:26,4/24/2020 7:24:11,"I7C"
"puket",4/24/2020 7:39:50,4/24/2020 7:54:36,"I7C"
"puket",4/24/2020 7:56:36,4/24/2020 18:12:44,"I7C"
"puket",4/27/2020 7:01:19,4/27/2020 7:20:02,"I7C"
"puket",4/27/2020 7:20:04,4/27/2020 7:20:07,"I7C"
"puket",4/27/2020 7:20:08,4/27/2020 7:20:12,"I7C"
"puket",4/27/2020 7:21:02,4/27/2020 9:50:44,"I7C"
"puket",4/27/2020 9:57:26,4/28/2020 17:37:07,"I7C"
"puket",4/29/2020 6:50:15,4/29/2020 7:14:06,"I7C"
"puket",4/29/2020 7:14:11,4/29/2020 7:31:45,"I7C"
"puket",4/29/2020 7:31:49,4/29/2020 7:34:23,"I7C"
"puket",4/29/2020 7:34:28,5/2/2020 7:58:24,"I7C"
"puket",5/3/2020 8:48:40,5/3/2020 9:12:50,"I7C"
"puket",5/3/2020 9:14:11,5/3/2020 9:14:51,"I7C"
"puket",5/5/2020 7:04:52,5/5/2020 7:45:03,"I7C"
"puket",5/5/2020 7:45:09,5/5/2020 11:46:05,"I7C"
"puket",5/5/2020 11:48:29,5/5/2020 15:55:47,"I7C"
"puket",5/6/2020 7:38:26,5/6/2020 17:20:52,"I7C"
"puket",5/8/2020 15:27:48,5/8/2020 15:41:43,"I7C"
"puket",5/9/2020 8:49:28,5/9/2020 8:58:47,"I7C"
"puket",5/11/2020 6:54:47,5/11/2020 6:56:49,"I7C"
"puket",5/11/2020 6:56:51,5/11/2020 6:56:53,"I7C"
"puket",5/11/2020 6:56:54,5/11/2020 7:00:29,"I7C"
"puket",5/11/2020 7:00:30,5/11/2020 7:01:29,"I7C"
"puket",5/11/2020 7:01:31,5/11/2020 7:01:35,"I7C"
"puket",5/11/2020 7:01:43,5/11/2020 7:24:40,"I7C"
"puket",5/11/2020 7:24:42,5/11/2020 7:24:43,"I7C"
"puket",5/11/2020 7:24:45,5/11/2020 7:25:24,"I7C"
"puket",5/11/2020 8:09:04,5/11/2020 8:49:28,"I7C"
"puket",5/11/2020 8:49:33,5/11/2020 8:49:36,"I7C"
"puket",5/12/2020 9:06:20,5/12/2020 13:39:32,"I7C"
"puket",5/14/2020 10:04:01,5/14/2020 10:04:38,"I7C"
"puket",5/14/2020 10:07:13,5/14/2020 10:08:34,"I7C"
"puket",5/14/2020 10:16:15,5/14/2020 10:17:24,"I7C"
"puket",5/14/2020 10:20:03,5/14/2020 10:20:27,"I7C"
"puket",5/14/2020 10:20:29,5/14/2020 10:20:30,"I7C"
"puket",5/14/2020 10:20:31,5/14/2020 10:21:03,"I7C"
"puket",5/14/2020 10:22:31,5/14/2020 10:24:00,"I7C"
"puket",5/14/2020 10:24:01,5/14/2020 10:24:16,"I7C"
"puket",5/19/2020 9:38:40,5/21/2020 15:59:05,"I7C"
"puket",5/25/2020 6:55:03,5/25/2020 8:04:24,"I7C"
"puket",5/25/2020 8:04:26,5/26/2020 12:36:08,"I7C"
"puket",5/26/2020 13:53:30,5/26/2020 13:59:40,"I7C"
"puket",5/29/2020 6:51:17,5/29/2020 9:29:49,"I7C"
"puket",5/29/2020 9:45:31,5/29/2020 9:54:53,"I7C"
"puket",6/1/2020 13:00:37,6/1/2020 14:21:44,"I7C"
"puket",6/2/2020 7:23:36,6/2/2020 16:02:41,"I7C"
"puket",6/3/2020 7:24:29,6/3/2020 7:31:48,"I7C"
"puket",6/3/2020 7:31:51,6/3/2020 7:31:53,"I7C"
"puket",6/3/2020 7:34:23,6/3/2020 7:35:01,"I7C"
"puket",6/3/2020 7:39:04,6/3/2020 7:40:25,"I7C"
"puket",6/4/2020 7:43:13,6/4/2020 7:43:32,"I7C"
"puket",6/4/2020 12:05:31,6/4/2020 12:05:40,"I7C"
"puket",6/4/2020 12:05:58,6/4/2020 12:59:54,"I7C"
"puket",6/4/2020 12:59:55,6/4/2020 12:59:57,"I7C"
"puket",6/4/2020 12:59:58,6/4/2020 13:00:36,"I7C"
"puket",6/4/2020 14:20:37,6/4/2020 14:20:51,"I7C"
"puket",6/4/2020 15:57:04,6/4/2020 17:59:08,"I7C"
"puket",6/5/2020 6:39:02,6/5/2020 9:59:05,"I7C"
"puket",6/5/2020 9:59:06,6/5/2020 9:59:08,"I7C"
"puket",6/5/2020 9:59:10,6/5/2020 9:59:28,"I7C"
"puket",6/5/2020 9:59:35,6/5/2020 9:59:42,"I7C"
"puket",6/5/2020 9:59:44,6/5/2020 9:59:56,"I7C"
"puket",6/5/2020 14:45:21,6/5/2020 14:53:09,"I7C"
"puket",6/8/2020 9:43:00,6/8/2020 9:46:51,"I7C"
"puket",6/9/2020 9:10:23,6/11/2020 13:02:49,"I7C"
"puket",6/17/2020 21:37:26,6/17/2020 21:38:16,"I7C"
"puket",6/17/2020 21:39:34,6/17/2020 21:40:16,"I7C"
"puket",6/17/2020 21:45:01,6/17/2020 21:45:12,"I7C"
"puket",6/18/2020 6:12:48,6/18/2020 6:21:32,"I7C"
"puket",6/18/2020 6:39:19,6/18/2020 8:13:30,"I7C"
"puket",6/18/2020 8:13:35,6/18/2020 16:18:19,"I7C"
"puket",6/19/2020 14:14:46,6/19/2020 14:27:50,"I7C"
"puket",6/19/2020 14:35:14,6/19/2020 14:35:16,"I7C"
"puket",6/19/2020 15:23:30,6/19/2020 15:28:36,"I7C"
"puket",6/30/2020 8:40:54,6/30/2020 17:18:25,"I7C"
"puket",6/30/2020 17:20:04,6/30/2020 17:21:02,"I7C"
"puket",7/1/2020 8:55:17,7/1/2020 8:55:23,"I7C"
"puket",7/2/2020 6:57:23,7/2/2020 7:29:08,"I7C"
"puket",7/2/2020 8:59:07,7/2/2020 9:02:35,"I7C"
"puket",7/2/2020 13:04:48,7/2/2020 13:06:19,"I7C"
"puket",7/2/2020 13:27:39,7/2/2020 13:27:59,"I7C"
"puket",7/2/2020 13:35:21,7/2/2020 13:36:06,"I7C"
"puket",7/2/2020 13:40:56,7/2/2020 13:41:44,"I7C"
"puket",7/2/2020 13:47:15,7/2/2020 14:08:54,"I7C"
"puket",7/4/2020 7:53:15,7/4/2020 7:54:40,"I7C"
"puket",7/4/2020 8:04:31,7/4/2020 9:43:41,"I7C"
"puket",7/6/2020 12:51:39,7/6/2020 13:02:17,"I7C"
"puket",7/6/2020 13:02:24,7/6/2020 13:07:32,"I7C"
"puket",7/14/2020 11:58:44,7/14/2020 12:05:01,"I7C"
"puket",7/20/2020 7:09:52,7/20/2020 14:41:41,"I7C"
"puket",7/25/2020 7:58:13,7/26/2020 15:24:17,"I7C"
"puket",8/8/2020 7:28:25,8/8/2020 7:33:32,"I7C"
"puket",8/26/2020 18:17:58,8/26/2020 18:21:50,"I7C"
"puket",9/8/2020 12:20:29,9/8/2020 12:40:52,"I7C"
"puket",9/15/2020 9:45:27,9/15/2020 11:33:38,"I7C"
"puket",9/16/2020 13:19:51,9/16/2020 13:38:59,"I7C"
"puket",9/17/2020 8:02:24,9/17/2020 8:24:56,"I7C"
"puket",9/17/2020 11:17:43,9/17/2020 11:42:17,"I7C"
"puket",9/18/2020 8:50:08,9/18/2020 8:50:13,"I7C"
"puket",9/20/2020 7:37:09,9/20/2020 9:09:37,"I7C"
"puket",9/21/2020 10:40:42,9/21/2020 10:41:25,"I7C"
"puket",9/28/2020 6:54:50,9/28/2020 6:55:46,"I7C"
"puket",10/31/2020 11:51:10,11/2/2020 6:35:17,"I7C"
"puket",11/2/2020 6:35:24,11/2/2020 6:35:26,"I7C"
"puket",11/2/2020 6:35:56,11/2/2020 6:36:00,"I7C"
"puket",11/2/2020 6:36:03,11/2/2020 6:36:05,"I7C"
"puket",11/2/2020 6:36:07,11/2/2020 8:36:56,"I7C"
"puket",11/5/2020 8:54:31,11/5/2020 9:02:44,"I7C"
"puket",11/12/2020 7:46:27,11/26/2020 6:55:30,"I7C"
"puket",12/7/2020 9:24:09,12/7/2020 9:25:37,"I7C"
"puket",12/7/2020 9:29:37,12/7/2020 9:30:04,"I7C"
"puket",12/20/2020 11:46:49,12/21/2020 7:28:47,"I7C"
"puket",12/22/2020 11:36:35,12/22/2020 11:37:15,"I7C"
"puket",12/22/2020 11:52:29,12/22/2020 12:44:54,"I7C"
"puket",12/27/2020 8:38:35,1/6/2021 7:23:16,"I7C"
"puket",1/7/2021 13:44:55,1/7/2021 15:34:39,"I7C"
"puket",1/7/2021 15:35:30,1/7/2021 15:35:37,"I7C"
"puket",1/7/2021 15:43:28,1/7/2021 15:44:28,"I7C"
"puket",1/27/2021 10:43:52,1/27/2021 10:44:22,"I7C"
"puket",1/27/2021 11:00:56,1/27/2021 11:01:34,"I7C"
"puket",1/27/2021 13:34:55,1/27/2021 13:36:48,"I7C"
"puket",1/27/2021 13:41:36,1/27/2021 13:54:53,"I7C"
"puket",1/27/2021 14:04:26,1/27/2021 14:08:16,"I7C"
"puket",1/27/2021 14:10:31,1/27/2021 14:13:30,"I7C"
"puket",1/28/2021 9:11:32,1/28/2021 9:14:14,"I7C"
"puket",1/29/2021 15:37:38,1/29/2021 15:44:09,"I7C"
"puket",1/29/2021 15:46:09,1/29/2021 15:46:19,"I7C"
"puket",1/29/2021 19:05:45,1/29/2021 19:15:39,"I7C"
"puket",1/30/2021 8:09:26,1/30/2021 8:15:02,"I7C"
"puket",1/30/2021 11:28:43,1/30/2021 11:35:35,"I7C"
"puket",2/1/2021 7:26:54,2/1/2021 13:45:37,"I7C"
"puket",2/1/2021 13:48:14,2/1/2021 13:48:24,"I7C"
"puket",2/2/2021 6:56:53,2/2/2021 6:57:23,"I7C"
"puket",2/2/2021 7:12:05,2/2/2021 7:24:00,"I7C"
"puket",2/2/2021 7:25:25,2/2/2021 7:27:08,"I7C"
"puket",2/3/2021 14:00:42,2/3/2021 14:01:03,"I7C"
"puket",2/4/2021 14:04:46,2/4/2021 15:19:40,"I7C"
"puket",2/5/2021 7:47:58,2/5/2021 7:51:37,"I7C"
"puket",2/18/2021 10:21:09,2/18/2021 11:03:40,"I7C"
"puket",2/21/2021 9:26:11,2/21/2021 9:27:32,"I7C"
"puket",2/21/2021 11:06:15,2/21/2021 11:34:31,"I7C"
"puket",2/22/2021 7:54:52,2/22/2021 7:55:46,"I7C"
"puket",2/22/2021 9:34:45,2/22/2021 10:24:29,"I7C"
"puket",2/22/2021 11:36:15,2/22/2021 11:39:02,"I7C"
"puket",2/22/2021 13:54:32,2/22/2021 16:04:25,"I7C"
"puket",2/26/2021 8:58:56,2/26/2021 9:11:47,"I7C"
"puket",2/26/2021 10:14:12,2/26/2021 10:14:57,"I7C"
"puket",3/2/2021 7:46:42,3/2/2021 7:58:18,"I7C"
"puket",3/12/2021 10:15:44,3/12/2021 10:16:10,"I7C"
"puket",3/12/2021 10:16:12,3/12/2021 10:16:29,"I7C"
"puket",3/12/2021 10:16:36,3/12/2021 10:19:09,"I7C"
"puket",3/12/2021 10:19:11,3/12/2021 10:20:09,"I7C"
"puket",3/12/2021 10:20:34,3/12/2021 10:33:35,"I7C"
"puket",3/12/2021 10:33:41,3/12/2021 10:34:07,"I7C"
"puket",3/12/2021 10:34:23,3/12/2021 10:34:44,"I7C"
"puket",3/12/2021 10:34:51,3/12/2021 10:41:15,"I7C"
"puket",3/12/2021 10:41:22,3/12/2021 10:49:32,"I7C"
"puket",3/12/2021 10:50:28,3/12/2021 10:51:20,"I7C"
"puket",3/12/2021 10:51:29,3/12/2021 11:36:29,"I7C"
"puket",3/12/2021 11:36:38,3/12/2021 11:37:50,"I7C"
"puket",4/14/2021 15:25:22,4/15/2021 12:47:26,"I7C"
"puket",4/30/2021 10:07:25,4/30/2021 10:07:51,"I7C"
"puket",5/6/2021 7:27:52,5/6/2021 7:27:57,"I7C"
"puket",5/6/2021 8:56:40,5/6/2021 13:20:08,"I7C"
"puket",5/8/2021 10:20:15,5/8/2021 10:31:35,"I7C"
"puket",5/8/2021 12:04:57,5/8/2021 12:05:13,"I7C"
"puket",6/18/2021 6:33:42,6/18/2021 10:45:29,"I7C"
"puket",6/30/2021 11:24:28,6/30/2021 11:37:00,"I7C"
"puket",6/30/2021 11:37:10,6/30/2021 11:47:35,"I7C"
"puket",6/30/2021 11:47:37,6/30/2021 13:24:53,"I7C"
"puket",6/30/2021 13:39:02,6/30/2021 13:40:30,"I7C"
"puket",7/12/2021 15:39:44,7/12/2021 15:41:53,"I7C"
"Russell Klassen",7/13/2021 8:03:39,7/13/2021 8:05:15,"I7-H-W10"
"Russell Klassen",7/13/2021 8:09:13,7/13/2021 8:24:13,"I7-H-W10"
"Russell Klassen",7/13/2021 8:24:23,7/13/2021 8:24:45,"I7-H-W10"
"Russell Klassen",7/13/2021 8:25:27,7/13/2021 8:26:10,"I7-H-W10"
"Russell Klassen",7/13/2021 8:26:13,7/13/2021 8:26:15,"I7-H-W10"
"Russell Klassen",7/13/2021 8:26:18,7/13/2021 8:26:20,"I7-H-W10"
"Russell Klassen",7/13/2021 8:27:30,7/13/2021 8:28:10,"I7-H-W10"
"Russell Klassen",7/13/2021 8:28:18,7/13/2021 8:28:22,"I7-H-W10"
"puket",7/19/2021 8:11:23,7/19/2021 8:16:16,"I7C"
"Russell Klassen",7/19/2021 8:17:34,7/19/2021 8:19:58,"I7-H-W10"
"Russell Klassen",7/19/2021 8:25:05,7/19/2021 8:26:01,"I7-H-W10"
"Russell Klassen",7/19/2021 8:27:58,7/19/2021 8:29:12,"I7-H-W10"
"Russell Klassen",7/19/2021 8:29:15,7/19/2021 8:29:21,"I7-H-W10"
"Russell Klassen",7/19/2021 8:29:23,7/19/2021 8:30:05,"I7-H-W10"
"Russell Klassen",7/20/2021 9:37:15,7/20/2021 9:38:02,"I7-H-W10"
"Russell Klassen",7/20/2021 9:43:07,7/20/2021 9:58:41,"I7-H-W10"
"Russell Klassen",7/21/2021 15:31:04,7/22/2021 11:50:44,"I7-H-W10"
"Russell Klassen",7/22/2021 11:50:49,7/22/2021 11:51:08,"I7-H-W10"
"puket",7/22/2021 11:58:59,7/22/2021 12:00:54,"I7C"
"puket",7/28/2021 14:03:38,7/28/2021 19:54:15,"I7C"
"puket",8/24/2021 8:36:00,8/24/2021 8:58:05,"I7C"
"puket",9/21/2021 12:31:52,9/22/2021 6:29:56,"I7C"
"puket",9/22/2021 8:08:35,9/22/2021 8:09:10,"I7C"
"puket",10/14/2021 15:11:05,10/14/2021 15:51:18,"I7C"
"puket",10/15/2021 7:23:08,10/15/2021 9:35:24,"I7C"
"puket",10/15/2021 9:35:27,10/15/2021 9:35:29,"I7C"
"puket",10/15/2021 9:35:32,10/15/2021 9:35:51,"I7C"
"puket",10/15/2021 14:00:52,10/15/2021 14:04:00,"I7C"
"puket",10/15/2021 14:04:05,10/15/2021 15:07:57,"I7C"
"puket",10/16/2021 13:33:03,10/16/2021 13:33:29,"I7C"
"puket",10/16/2021 13:33:31,10/16/2021 13:34:07,"I7C"
"puket",10/16/2021 13:34:09,10/16/2021 13:34:23,"I7C"
"puket",10/18/2021 10:23:24,10/18/2021 10:26:15,"I7C"
"puket",10/18/2021 15:27:14,10/18/2021 15:36:40,"I7C"
"puket",10/18/2021 15:37:13,10/18/2021 15:37:54,"I7C"
"puket",10/18/2021 15:50:16,10/18/2021 15:54:32,"I7C"
"puket",10/18/2021 15:57:45,10/18/2021 15:58:01,"I7C"
"puket",10/18/2021 15:58:05,10/18/2021 15:58:20,"I7C"
"puket",10/18/2021 15:58:27,10/18/2021 15:58:30,"I7C"
"puket",10/18/2021 15:59:02,10/18/2021 15:59:13,"I7C"
"puket",10/18/2021 15:59:25,10/18/2021 15:59:44,"I7C"
"puket",10/18/2021 15:59:47,10/18/2021 16:00:26,"I7C"
"puket",10/20/2021 15:43:33,10/20/2021 15:54:25,"I7C"
"puket",10/21/2021 6:38:13,10/21/2021 18:26:14,"I7C"
"puket",10/23/2021 7:09:13,10/23/2021 11:05:17,"I7C"
"puket",10/30/2021 7:35:18,11/1/2021 6:59:07,"I7C"
"puket",11/8/2021 11:49:30,11/22/2021 9:05:23,"I7C"
"puket",11/22/2021 9:14:35,11/22/2021 9:17:12,"I7C"
"puket",11/22/2021 9:17:14,11/22/2021 9:17:18,"I7C"
"puket",11/22/2021 9:17:19,11/22/2021 9:17:23,"I7C"
"puket",11/22/2021 9:17:25,11/22/2021 9:18:06,"I7C"
"puket",12/17/2021 8:43:45,12/17/2021 8:45:03,"I7C"
"puket",12/17/2021 8:45:05,12/17/2021 8:48:10,"I7C"
"puket",12/17/2021 8:48:12,12/17/2021 8:48:33,"I7C"
"puket",1/21/2022 7:52:17,1/21/2022 8:05:03,"I7C"
"puket",1/21/2022 13:28:08,1/21/2022 13:28:48,"I7C"
"puket",1/21/2022 13:29:04,1/21/2022 13:30:42,"I7C"
"puket",1/21/2022 13:30:56,1/21/2022 13:31:17,"I7C"
"puket",1/21/2022 13:31:29,1/21/2022 13:31:54,"I7C"
"puket",1/21/2022 13:31:56,1/21/2022 13:31:59,"I7C"
"puket",1/21/2022 13:32:00,1/21/2022 13:33:00,"I7C"
"puket",1/21/2022 13:33:22,1/21/2022 13:41:45,"I7C"
"puket",1/21/2022 13:41:47,1/21/2022 13:45:38,"I7C"
"puket",1/21/2022 13:45:50,1/21/2022 16:05:26,"I7C"
"puket",1/21/2022 16:05:28,1/21/2022 16:05:57,"I7C"
"puket",2/2/2022 7:49:12,2/2/2022 7:53:07,"I7C"
"puket",2/15/2022 9:11:51,2/15/2022 9:18:13,"I7C"
"puket",2/15/2022 11:38:32,2/15/2022 11:39:24,"I7C"
"puket",2/15/2022 11:39:26,2/15/2022 11:39:30,"I7C"
"puket",3/4/2022 7:02:20,3/4/2022 7:59:29,"I7C"
"puket",3/4/2022 11:24:58,3/4/2022 11:25:06,"I7C"
"puket",3/4/2022 13:07:17,3/4/2022 13:09:56,"I7C"
"puket",3/4/2022 13:09:59,3/4/2022 13:10:26,"I7C"
"puket",3/4/2022 13:10:28,3/4/2022 13:10:47,"I7C"
"puket",3/7/2022 7:38:46,3/7/2022 7:44:22,"I7C"
"puket",3/7/2022 7:51:38,3/7/2022 8:04:24,"I7C"
"puket",3/7/2022 8:15:57,3/7/2022 9:54:55,"I7C"
"puket",3/7/2022 9:57:04,3/7/2022 11:31:09,"I7C"
"puket",3/7/2022 13:29:08,3/7/2022 13:35:47,"I7C"
"puket",3/7/2022 13:46:15,3/7/2022 13:48:17,"I7C"
"puket",3/7/2022 15:49:25,3/7/2022 15:49:47,"I7C"
"puket",3/7/2022 15:49:50,3/7/2022 15:50:21,"I7C"
"puket",3/10/2022 15:17:53,3/10/2022 15:25:02,"I7C"
"puket",3/11/2022 9:36:05,3/11/2022 9:46:57,"I7C"
"puket",3/11/2022 9:46:59,3/11/2022 11:08:01,"I7C"
"puket",3/14/2022 8:51:16,3/14/2022 8:51:21,"I7C"
"puket",3/14/2022 8:51:23,3/14/2022 8:51:47,"I7C"
"puket",3/14/2022 8:54:41,3/14/2022 9:01:47,"I7C"
"puket",3/29/2022 14:43:24,3/30/2022 7:54:04,"I7C"
"puket",3/30/2022 7:54:07,3/30/2022 8:04:19,"I7C"
"puket",3/30/2022 8:15:06,3/30/2022 8:15:11,"I7C"
"puket",3/30/2022 8:15:17,3/30/2022 10:02:33,"I7C"
"puket",3/30/2022 10:02:36,3/30/2022 10:02:37,"I7C"
"puket",3/30/2022 10:02:40,3/30/2022 10:03:17,"I7C"
"puket",3/30/2022 12:47:01,3/30/2022 12:47:20,"I7C"
"puket",3/30/2022 12:55:17,3/30/2022 13:11:11,"I7C"
"puket",4/2/2022 8:27:03,4/2/2022 8:27:39,"I7C"
"puket",4/2/2022 8:30:36,4/2/2022 8:32:55,"I7C"
"puket",4/2/2022 12:12:50,4/2/2022 12:21:55,"I7C"
"puket",4/2/2022 12:21:57,4/2/2022 12:22:16,"I7C"
"puket",4/2/2022 12:22:18,4/2/2022 12:22:53,"I7C"
"puket",4/10/2022 8:56:58,4/11/2022 6:57:44,"I7C"
"puket",4/12/2022 11:41:40,4/12/2022 11:42:12,"I7C"
"puket",4/12/2022 11:43:29,4/12/2022 11:53:06,"I7C"
"puket",4/12/2022 11:53:36,4/12/2022 11:53:40,"I7C"
"puket",4/12/2022 11:53:41,4/12/2022 11:53:44,"I7C"
"puket",4/12/2022 11:53:45,4/12/2022 11:53:50,"I7C"
"puket",4/13/2022 6:39:15,4/13/2022 6:41:11,"I7C"
"puket",4/13/2022 7:52:47,4/13/2022 7:53:21,"I7C"
"puket",4/13/2022 7:53:22,4/13/2022 7:53:55,"I7C"
"puket",4/13/2022 8:00:06,4/13/2022 8:04:06,"I7C"
"puket",5/4/2022 13:34:47,5/5/2022 8:07:13,"I7C"
"puket",5/9/2022 10:24:42,5/9/2022 10:24:54,"I7C"
"puket",6/10/2022 6:56:04,6/10/2022 7:19:09,"I7C"
"puket",6/10/2022 7:22:28,6/10/2022 15:59:10,"I7C"
"puket",6/10/2022 16:00:00,6/10/2022 16:00:14,"I7C"
"puket",6/12/2022 10:49:39,6/12/2022 11:05:11,"I7C"
"puket",6/12/2022 13:00:23,6/16/2022 6:37:51,"I7C"
"puket",6/16/2022 20:22:57,6/16/2022 20:23:52,"I7C"
"puket",6/16/2022 20:24:12,6/17/2022 7:21:43,"I7C"
"puket",6/17/2022 9:10:26,6/17/2022 9:22:01,"I7C"
"puket",7/2/2022 12:38:28,7/2/2022 12:39:55,"I7C"
"puket",7/2/2022 12:42:47,7/2/2022 12:57:44,"I7C"
"puket",7/5/2022 6:31:29,7/5/2022 6:55:35,"I7C"
"puket",7/6/2022 8:08:40,7/6/2022 8:10:03,"I7C"
"puket",7/6/2022 8:52:18,7/6/2022 15:06:07,"I7C"
"puket",7/7/2022 14:03:43,7/7/2022 14:25:32,"I7C"
"puket",7/21/2022 8:47:16,7/21/2022 9:07:56,"I7C"
"puket",7/21/2022 9:07:58,7/21/2022 9:08:00,"I7C"
"puket",7/21/2022 9:08:02,7/21/2022 9:08:33,"I7C"
"puket",1/30/2023 8:22:33,1/30/2023 8:33:14,"I7C"
"puket",1/30/2023 8:33:23,1/30/2023 9:00:38,"I7C"
"puket",1/30/2023 9:02:06,1/30/2023 9:12:31,"I7C"
"puket",1/30/2023 9:12:34,1/30/2023 9:12:58,"I7C"
"puket",2/23/2023 6:11:21,2/23/2023 6:19:54,"I7C"
"puket",2/23/2023 6:39:34,2/23/2023 6:41:46,"I7C"
"puket",2/23/2023 6:42:16,2/23/2023 6:51:50,"I7C"
"puket",2/23/2023 6:52:21,2/23/2023 6:52:41,"I7C"
"puket",2/23/2023 6:57:23,2/23/2023 7:14:56,"I7C"
"puket",2/23/2023 7:15:13,2/23/2023 9:01:05,"I7C"
"puket",2/23/2023 9:01:08,2/24/2023 8:04:48,"I7C"
"puket",2/24/2023 8:04:50,2/24/2023 8:11:21,"I7C"
"puket",2/24/2023 9:20:24,2/24/2023 9:20:35,"I7C"
"puket",2/24/2023 9:20:38,2/24/2023 9:21:05,"I7C"
